,vendor,source,date,item,qty,time
0,winndixie,IMG_9764.txt,2024-11-15,SpaghettiOs Pasta,2,
1,winndixie,IMG_9764.txt,2024-11-15,Mars Chocolate,1,
2,winndixie,IMG_9764.txt,2024-11-15,M&M's Candies,1,
3,winndixie,IMG_9764.txt,2024-11-15,Mandarins,1,
4,winndixie,IMG_9764.txt,2024-11-15,Sparkling Ice Wtr,1,
5,winndixie,IMG_9764.txt,2024-11-15,Sparkling Ice Wtr,1,
6,winndixie,IMG_9764.txt,2024-11-15,Coca Cola,1,
7,winndixie,IMG_9763.txt,2024-11-22,Hershey's Syrup,1,
8,winndixie,IMG_9763.txt,2024-11-22,Mayfield IceCream,1,
9,winndixie,IMG_9762.txt,2024-11-24,Bunny Bread,1,
10,winndixie,IMG_9762.txt,2024-11-24,Sparkling Ice Wtr,1,
11,winndixie,IMG_9762.txt,2024-11-24,Sparkling Ice Wtr,1,
12,winndixie,IMG_9762.txt,2024-11-24,Hubba Bubba Gum,1,
13,winndixie,IMG_9762.txt,2024-11-24,Sparkling Ice Wtr,1,
14,winndixie,IMG_9762.txt,2024-11-24,Sparkling Ice Wtr,1,
15,winndixie,IMG_9762.txt,2024-11-24,Tum E Yummies Drnk,1,
16,winndixie,IMG_9762.txt,2024-11-24,D&W Cheese,1,
17,winndixie,IMG_9762.txt,2024-11-24,SEG Turkey,1,
18,winndixie,IMG_9762.txt,2024-11-24,Chicken Cutlet,1,
19,winndixie,IMG_9762.txt,2024-11-24,Taylor Farms Green,1,
20,winndixie,IMG_9762.txt,2024-11-24,Fresh Strawberries,1,
21,winndixie,IMG_9762.txt,2024-11-24,SEG Mixed Grapes,1,
22,winndixie,IMG_9762.txt,2024-11-24,YoCrunch Yogurt,1,
23,winndixie,IMG_9762.txt,2024-11-24,REDDI-WIP,1,
24,winndixie,IMG_9762.txt,2024-11-24,Little Hug Drink,1,
25,winndixie,IMG_9761.txt,2024-11-27,6ct Buttercream Cu,1,
26,winndixie,IMG_9761.txt,2024-11-27,Home Select Foil,1,
27,winndixie,IMG_9761.txt,2024-11-27,Mini Carnation,2,
28,winndixie,IMG_9761.txt,2024-11-27,GREENS BOT,1,
29,winndixie,IMG_9760.txt,2024-12-02,Dewafelbakkr Pncks,1,
30,winndixie,IMG_9760.txt,2024-12-02,Kleinpeter Milk,1,
31,winndixie,IMG_9760.txt,2024-12-02,Daisy Sour Cream,1,
32,winndixie,IMG_9759.txt,2024-12-04,Coffee Mate Creamr,1,
33,winndixie,IMG_9759.txt,2024-12-04,Chobani Yogrt Flip,2,
34,winndixie,IMG_9759.txt,2024-12-04,Chobani Yogrt Flip,1,
35,winndixie,IMG_9759.txt,2024-12-04,CHOBANI YOGURT,1,
36,winndixie,IMG_9759.txt,2024-12-04,Little Debbie Snck,1,
37,winndixie,IMG_9759.txt,2024-12-04,Little Hug Drink,1,
38,winndixie,IMG_9758.txt,2024-12-04,CocaCola Soda,4,
39,winndixie,IMG_9758.txt,2024-12-04,18ct Variety Mix,1,
40,winndixie,IMG_9758.txt,2024-12-04,BODYARMOR 160Z FRU,1,
41,winndixie,IMG_9758.txt,2024-12-04,Body Armor Drink,1,
42,winndixie,IMG_9757.txt,2024-12-07,Old EP Taco Kit,2,
43,winndixie,IMG_9757.txt,2024-12-07,Peter Pan Crnch Pe,1,
44,winndixie,IMG_9757.txt,2024-12-07,smucker's Jelly,1,
45,winndixie,IMG_9757.txt,2024-12-07,Chisesi Ham,1,
46,winndixie,IMG_9757.txt,2024-12-07,D&W Salami,1,
47,winndixie,IMG_9757.txt,2024-12-07,D&W Cheese,1,
48,winndixie,IMG_9757.txt,2024-12-07,Kraft Cheese,1,
49,winndixie,IMG_9756.txt,2024-12-12,CocaCola Soda,2,
50,winndixie,IMG_9756.txt,2024-12-12,Fanta Soda,1,
51,winndixie,IMG_9756.txt,2024-12-12,SEG Fudge Bar,1,
52,winndixie,IMG_9756.txt,2024-12-12,MINI SS TONGS 2CT,1,
53,winndixie,IMG_9756.txt,2024-12-12,Minute Maid Drink,1,
54,winndixie,IMG_9756.txt,2024-12-12,SEG Marshmallows,1,
55,winndixie,IMG_9756.txt,2024-12-12,LNF REMIX,1,
56,winndixie,IMG_9756.txt,2024-12-12,SpaghettiOs Pasta,2,
57,winndixie,IMG_9756.txt,2024-12-12,Arizona Tea,1,
58,winndixie,IMG_9756.txt,2024-12-12,Chix Breast Tender,1,
59,winndixie,IMG_9756.txt,2024-12-12,Broccoli Florets,1,
60,winndixie,IMG_9756.txt,2024-12-12,SEG Canned Fruit,2,
61,winndixie,IMG_9756.txt,2024-12-12,SE Grocers Peanuts,1,
62,winndixie,IMG_9755.txt,2024-12-28,Wheat Thins Crackr,1,
63,winndixie,IMG_9755.txt,2024-12-28,SEG Canned Fruit,1,
64,winndixie,IMG_9755.txt,2024-12-28,PSF Skillet Vgtbls,1,
65,winndixie,IMG_9755.txt,2024-12-28,Daisy Sour Cream,1,
66,winndixie,IMG_9755.txt,2024-12-28,know & love Herb C,2,
67,winndixie,IMG_9755.txt,2024-12-28,Dole Shred Lettuce,1,
68,winndixie,IMG_9755.txt,2024-12-28,Ground Beef,1,
69,winndixie,IMG_9755.txt,2024-12-28,London Broil,1,
70,winndixie,IMG_9755.txt,2024-12-28,SEG Grape Tomatoes,1,
71,winndixie,IMG_9755.txt,2024-12-28,SE Grocers Olives,1,
72,winndixie,IMG_9755.txt,2024-12-28,Snuggle Sheets,1,
73,winndixie,IMG_9755.txt,2024-12-28,FBRZ AIR OCEAN,1,
74,winndixie,IMG_9755.txt,2024-12-28,A&H FRSH ESCP,1,
75,winndixie,IMG_9755.txt,2024-12-28,Minute Maid Drinks,1,
76,winndixie,IMG_9755.txt,2024-12-28,Fbrz Air Refresher,1,
77,winndixie,IMG_9754.txt,2024-12-29,CocaCola Soda,6,
78,winndixie,IMG_9754.txt,2024-12-29,D&W Turkey,1,
79,winndixie,IMG_9754.txt,2024-12-29,Know & Love Milk,1,
80,winndixie,IMG_9753.txt,2024-12-29,SE Grocers Pickles,1,
81,winndixie,IMG_9753.txt,2024-12-29,D&W Salami,1,
82,winndixie,IMG_9753.txt,2024-12-29,D&W Cheese,1,
83,winndixie,IMG_9753.txt,2024-12-29,wr HOTLINE BY LB,1,
84,winndixie,IMG_9753.txt,2024-12-29,Cheez-It Crackers,2,
85,winndixie,IMG_9751.txt,2024-12-30,SEG Distilled Watr,5,
86,winndixie,IMG_9752.txt,2024-12-30,Tostitos Trtl Chps,2,
87,winndixie,IMG_9752.txt,2024-12-30,Fanta Soda,1,
88,winndixie,IMG_9752.txt,2024-12-30,DR PEPPER 12PK,1,
89,winndixie,IMG_9752.txt,2024-12-30,Minute Maid Lmnade,1,
90,winndixie,IMG_9752.txt,2024-12-30,SEG Orange Cream,1,
91,winndixie,IMG_9752.txt,2024-12-30,SpaghettiOs Pasta,1,
92,winndixie,IMG_9752.txt,2024-12-30,SpaghettiOs Pasta,1,
93,winndixie,IMG_9752.txt,2024-12-30,ON THE BORDER DIP,1,
94,winndixie,IMG_9752.txt,2024-12-30,Master of Mixes Mx,1,
95,winndixie,IMG_9752.txt,2024-12-30,SE Grocers Buns,2,
96,winndixie,IMG_9752.txt,2024-12-30,Ground Beef,1,
97,winndixie,IMG_9750.txt,2025-01-01,Bunny Bread,1,
98,winndixie,IMG_9750.txt,2025-01-01,Coca Cola,1,
99,winndixie,IMG_9750.txt,2025-01-01,Daisy French Onion,1,
100,winndixie,IMG_9750.txt,2025-01-01,Assume it's Butter,1,
101,winndixie,IMG_9750.txt,2025-01-01,K&L Canned Veggie,1,
102,winndixie,IMG_9750.txt,2025-01-01,Knorr Rice Sides,1,
103,winndixie,IMG_9750.txt,2025-01-01,Edwards Pies,1,
104,winndixie,IMG_9750.txt,2025-01-01,K&L CF EGG DZN,1,
105,winndixie,IMG_9750.txt,2025-01-01,WD 10PC DARK,1,
106,winndixie,IMG_9749.txt,2025-01-10,Lttl Debbie Donuts,1,
107,winndixie,IMG_9749.txt,2025-01-10,Chips Ahoy Cookies,1,
108,winndixie,IMG_9749.txt,2025-01-10,OREO GLDN FRSH STK,1,
109,winndixie,IMG_9749.txt,2025-01-10,Snack Pack Pudding,1,
110,winndixie,IMG_9749.txt,2025-01-10,Kraft Mac & Cheese,1,
111,winndixie,IMG_9749.txt,2025-01-10,BlueBonnet Margrne,1,
112,winndixie,IMG_9749.txt,2025-01-10,Oui Yogurt,2,
113,winndixie,IMG_9749.txt,2025-01-10,OP PRODUCE DEPT KEY,1,
114,winndixie,IMG_9749.txt,2025-01-10,Coffee Mate Creamr,1,
115,winndixie,IMG_9749.txt,2025-01-10,Know & Love Milk,1,
116,winndixie,IMG_9749.txt,2025-01-10,wr Sweet Potatoes,1,
117,winndixie,IMG_9749.txt,2025-01-10,Wr Russet Potato,1,
118,winndixie,IMG_9748.txt,2025-01-13,Glico Bscuit Stick,1,
119,winndixie,IMG_9748.txt,2025-01-13,Annie Chun's Bowl,1,
120,winndixie,IMG_9748.txt,2025-01-13,SEG Orange Cream,1,
121,winndixie,IMG_9748.txt,2025-01-13,CELSIUS SPKLNG KIW,1,
122,winndixie,IMG_9748.txt,2025-01-13,Twix Cookie Bars,1,
123,winndixie,IMG_9747.txt,2025-01-14,Know & Love Milk,1,
124,winndixie,IMG_9746.txt,2025-01-16,Tastykake Pastries,1,
125,winndixie,IMG_9746.txt,2025-01-16,Campbell's Soup,2,
126,winndixie,IMG_9746.txt,2025-01-16,Kraft Cheese,1,
127,winndixie,IMG_9746.txt,2025-01-16,Gevalia Kaffe Kcup,1,
128,winndixie,IMG_9746.txt,2025-01-16,Top Care Nitetime,2,
129,winndixie,IMG_9746.txt,2025-01-16,Kleinpeter Milk,1,
130,winndixie,IMG_9746.txt,2025-01-16,CocaCola Soda,4,
131,winndixie,IMG_9746.txt,2025-01-16,Sprite Soda,1,
132,winndixie,IMG_9746.txt,2025-01-16,DR PEPPER 12PK,1,
133,winndixie,IMG_9745.txt,2025-01-23,SE Grocers Cheese,1,
134,winndixie,IMG_9745.txt,2025-01-23,Assume it's Butter,2,
135,winndixie,IMG_9745.txt,2025-01-23,OIKOS REMIX,1,
136,winndixie,IMG_9745.txt,2025-01-23,Noosa Yogurt,1,
137,winndixie,IMG_9745.txt,2025-01-23,Fairlife Milk,1,
138,winndixie,IMG_9745.txt,2025-01-23,Nissin Noodle Soup,2,
139,winndixie,IMG_9745.txt,2025-01-23,Betty Crcekr Potato,1,
140,winndixie,IMG_9745.txt,2025-01-23,SEG Canned Fruit,1,
141,winndixie,IMG_9745.txt,2025-01-23,Glico Bscuit Stick,1,
142,winndixie,IMG_9745.txt,2025-01-23,MONSTER ULTRA FANT,2,
143,winndixie,IMG_9745.txt,2025-01-23,SEG Cutlery,1,
144,winndixie,IMG_9744.txt,2025-01-27,Hugbi Pies,2,
145,winndixie,IMG_9744.txt,2025-01-27,Know & Love Milk,1,
146,winndixie,IMG_9744.txt,2025-01-27,SE Grocers Bread,1,
147,winndixie,IMG_9744.txt,2025-01-27,DR PEPPER 12PK,1,
148,winndixie,IMG_9744.txt,2025-01-27,Fanta Soda,1,
149,winndixie,IMG_9744.txt,2025-01-27,CocaCola Soda,2,
150,winndixie,IMG_9743.txt,2025-01-28,SEG BOIL-N-BAG,1,
151,winndixie,IMG_9743.txt,2025-01-28,Mission Tortillas,1,
152,winndixie,IMG_9743.txt,2025-01-28,wr Jumbo Yellow Onion,1,
153,winndixie,IMG_9742.txt,2025-01-29,Hubba Bubba Gum,1,19:23:00
154,winndixie,IMG_9742.txt,2025-01-29,Edwards Pies,1,19:23:00
155,winndixie,IMG_9742.txt,2025-01-29,Jimmy Dean Sausage,1,19:23:00
156,winndixie,IMG_9742.txt,2025-01-29,Dewafelbakkr Pncks,1,19:23:00
157,winndixie,IMG_9742.txt,2025-01-29,QoTY 3 CocaCola Soda,1,19:23:00
158,winndixie,IMG_9742.txt,2025-01-29,. Sparkling Ice Wtr,3,19:23:00
159,winndixie,IMG_9742.txt,2025-01-29,Sparkling Ice Wtr,2,19:23:00
160,winndixie,IMG_9742.txt,2025-01-29,Sparkling Ice Wtr,2,19:23:00
161,winndixie,IMG_9742.txt,2025-01-29,Sparkling Ice Wtr,1,19:23:00
162,winndixie,IMG_9741.txt,2025-02-03,Cheetos,2,20:27:00
163,winndixie,IMG_9741.txt,2025-02-03,DOLE SLCD STRWBRY,1,20:27:00
164,winndixie,IMG_9741.txt,2025-02-03,Doritos Trtlla Chp,1,20:27:00
165,winndixie,IMG_9741.txt,2025-02-03,SEG HBSC ELDRBRY,1,20:27:00
166,winndixie,IMG_9741.txt,2025-02-03,SunMaid Raisins,1,20:27:00
167,winndixie,IMG_9741.txt,2025-02-03,Gortons Fsh Fillet,1,20:27:00
168,winndixie,IMG_9741.txt,2025-02-03,Sparkling Ice Wtr,1,20:27:00
169,winndixie,IMG_9741.txt,2025-02-03,CC Sparkling Water,2,20:27:00
170,winndixie,IMG_9741.txt,2025-02-03,Goya Milk,1,20:27:00
171,winndixie,IMG_9741.txt,2025-02-03,SE Grocers Juice,1,20:27:00
172,winndixie,IMG_9741.txt,2025-02-03,SEG 100% Juice,1,20:27:00
173,winndixie,IMG_9740.txt,2025-02-08,Topcare Acid Rdcr+,1,20:30:00
174,winndixie,IMG_9740.txt,2025-02-08,Rght Grd Ddrnt,1,20:30:00
175,winndixie,IMG_9740.txt,2025-02-08,Arrid Deodorant,1,20:30:00
176,winndixie,IMG_9739.txt,2025-02-08,Bunny Bread,1,20:30:00
177,winndixie,IMG_9739.txt,2025-02-08,. Hugbi Pies,3,20:30:00
178,winndixie,IMG_9739.txt,2025-02-08,Hershey's Syrup,1,20:30:00
179,winndixie,IMG_9739.txt,2025-02-08,Kleinpeter Milk,1,20:30:00
180,winndixie,IMG_9738.txt,2025-02-11,Turkey Creek Snack,1,19:21:00
181,winndixie,IMG_9738.txt,2025-02-11,GAIN LQ HEC OXI WD,1,19:21:00
182,winndixie,IMG_9738.txt,2025-02-11,Know & Love Milk,1,19:21:00
183,winndixie,IMG_9738.txt,2025-02-11,Coffee Mate Creamr,1,19:21:00
184,winndixie,IMG_9738.txt,2025-02-11,Strbucks Frppccino,1,19:21:00
185,winndixie,IMG_9738.txt,2025-02-11,Dr Pepper 2002,1,19:21:00
186,winndixie,IMG_9738.txt,2025-02-11,Kraft Cheese,2,19:21:00
187,winndixie,IMG_9738.txt,2025-02-11,wr Vine Ripe Tomato,1,19:21:00
188,winndixie,IMG_9738.txt,2025-02-11,Blue Plate Mayo,1,19:21:00
189,winndixie,IMG_9738.txt,2025-02-11,Bro's Nat Strawbs,1,19:21:00
190,winndixie,IMG_9738.txt,2025-02-11,SE Grocers Buns,1,19:21:00
191,winndixie,IMG_9738.txt,2025-02-11,SEG Aluminum Foil,1,19:21:00
192,winndixie,IMG_9738.txt,2025-02-11,Mini Valentine 2 t,1,19:21:00
193,winndixie,IMG_9737.txt,2025-02-14,Bunny Bread,1,18:09:00
194,winndixie,IMG_9737.txt,2025-02-14,SEG Turkey,1,18:09:00
195,winndixie,IMG_9737.txt,2025-02-14,Chisesi Ham,1,18:09:00
196,winndixie,IMG_9737.txt,2025-02-14,Nutella Spread,1,18:09:00
197,winndixie,IMG_9737.txt,2025-02-14,Bernard's Hny Bear,1,18:09:00
198,winndixie,IMG_9737.txt,2025-02-14,Pasta Roni Pasta,1,18:09:00
199,winndixie,IMG_9737.txt,2025-02-14,Chicken Thigh,1,18:09:00
200,winndixie,IMG_9737.txt,2025-02-14,Ground Beef Rnd,1,18:09:00
201,winndixie,IMG_9737.txt,2025-02-14,k&l Corn,1,18:09:00
202,winndixie,IMG_9737.txt,2025-02-14,SEG Sauce,1,18:09:00
203,winndixie,IMG_9736.txt,2025-02-16,TH NEAPOLTN IC,1,18:14:00
204,winndixie,IMG_9736.txt,2025-02-16,Daisy Sour Cream,1,18:14:00
205,winndixie,IMG_9736.txt,2025-02-16,Dole Shred Lettuce,1,18:14:00
206,winndixie,IMG_9736.txt,2025-02-16,wr Tomatoes,1,18:14:00
207,winndixie,IMG_9736.txt,2025-02-16,k&l Peas & Carrots,1,18:14:00
208,winndixie,IMG_9736.txt,2025-02-16,wr Jumbo Sweet Onions,1,18:14:00
209,winndixie,IMG_9736.txt,2025-02-16,wr Russet Potato,1,18:14:00
210,winndixie,IMG_9736.txt,2025-02-16,wr Bananas,1,18:14:00
211,winndixie,IMG_9736.txt,2025-02-16,k&l Milk,1,18:14:00
212,winndixie,IMG_9735.txt,2025-02-19,Tastykake Pie,1,19:20:00
213,winndixie,IMG_9735.txt,2025-02-19,Peter Pan Pnt Bttr,1,19:20:00
214,winndixie,IMG_9735.txt,2025-02-19,CocaCola Soda,9,19:20:00
215,winndixie,IMG_9733.txt,2025-02-25,Dr Pepper 2002,1,19:31:00
216,winndixie,IMG_9733.txt,2025-02-25,MONSTER ULTRA FANT,1,19:31:00
217,winndixie,IMG_9733.txt,2025-02-25,Twix Cookie Bars,1,19:31:00
218,winndixie,IMG_9733.txt,2025-02-25,ITTIBITZ COOKE&CRM,1,19:31:00
219,winndixie,IMG_9733.txt,2025-02-25,Corn,2,19:31:00
220,winndixie,IMG_9732.txt,2025-03-04,Dr. Pepper Soda,1,17:21:00
221,winndixie,IMG_9732.txt,2025-03-04,OM BASICS HAM-AMER,1,17:21:00
222,winndixie,IMG_9732.txt,2025-03-04,Lunchables Snack,1,17:21:00
223,winndixie,IMG_9732.txt,2025-03-04,MONSTER ULTRA FANT,1,17:21:00
224,winndixie,IMG_9732.txt,2025-03-04,Kleinpeter Milk,1,17:21:00
225,winndixie,IMG_9732.txt,2025-03-04,McCormick Ssng Mix,1,17:21:00
226,winndixie,IMG_9732.txt,2025-03-04,SEG Gravy Mix,2,17:21:00
227,winndixie,IMG_9732.txt,2025-03-04,Snack Pack Pudding,1,17:21:00
228,winndixie,IMG_9732.txt,2025-03-04,Taylor Farms Green,1,17:21:00
229,winndixie,IMG_9732.txt,2025-03-04,k&l Tomato Paste,1,17:21:00
230,winndixie,IMG_9732.txt,2025-03-04,wr Russet Potato,1,17:21:00
231,winndixie,IMG_9730.txt,2025-03-12,Blue Bell IceCream,1,22:00:00
232,winndixie,IMG_9730.txt,2025-03-12,Jimmy Dean Sausage,1,22:00:00
233,winndixie,IMG_9731.txt,2025-03-12,CocaCola Soda,4,22:00:00
234,winndixie,IMG_9731.txt,2025-03-12,GM WFFL TST CRNC,1,22:00:00
235,winndixie,IMG_9731.txt,2025-03-12,KELLOGG APL JCK GT,1,22:00:00
236,winndixie,IMG_9729.txt,2025-03-20,MSG BROWNIE BC,1,14:35:00
237,winndixie,IMG_9727.txt,2025-03-22,Sargento Cheese,1,22:15:00
238,winndixie,IMG_9727.txt,2025-03-22,Mission Tortillas,1,22:15:00
239,winndixie,IMG_9727.txt,2025-03-22,Jimmy Dean Bacon,1,22:15:00
240,winndixie,IMG_9727.txt,2025-03-22,Kraft Cheese,1,22:15:00
241,winndixie,IMG_9727.txt,2025-03-22,Annie Chun's Bowl,1,22:15:00
242,winndixie,IMG_9727.txt,2025-03-22,Essentials Plates,1,22:15:00
243,winndixie,IMG_9727.txt,2025-03-22,SEG Canned Fruit,1,22:15:00
244,winndixie,IMG_9727.txt,2025-03-22,DR PEPPER 12PK,1,22:15:00
245,winndixie,IMG_9727.txt,2025-03-22,Minute Maid Lmnade,1,22:15:00
246,winndixie,IMG_9727.txt,2025-03-22,Minute Maid Lmnade,1,22:15:00
247,winndixie,IMG_9728.txt,2025-03-22,CocaCola Soda,9,22:15:00
248,winndixie,IMG_9728.txt,2025-03-22,. Hugbi Pies,3,22:15:00
249,winndixie,IMG_9726.txt,2025-03-26,k&l Milk,1,17:44:00
250,winndixie,IMG_9726.txt,2025-03-26,SEG Ice Cream Cup,1,17:44:00
251,winndixie,IMG_9726.txt,2025-03-26,Chicken Cutlet,1,17:44:00
252,winndixie,IMG_9726.txt,2025-03-26,SEG Water,1,17:44:00
253,winndixie,IMG_9726.txt,2025-03-26,D&W Cheese,1,17:44:00
254,winndixie,IMG_9726.txt,2025-03-26,SEG Turkey,1,17:44:00
255,winndixie,IMG_9726.txt,2025-03-26,Crab Leg Surimi,1,17:44:00
256,winndixie,IMG_9726.txt,2025-03-26,Taylor Farms Green,1,17:44:00
257,winndixie,IMG_9726.txt,2025-03-26,k&1 Diced Tomatoes,1,17:44:00
258,winndixie,IMG_9726.txt,2025-03-26,Mixed Grapes,1,17:44:00
259,winndixie,IMG_9725.txt,2025-04-01,Fanta Soda,1,17:45:00
260,winndixie,IMG_9725.txt,2025-04-01,Minute Maid Lmnade,1,17:45:00
261,winndixie,IMG_9725.txt,2025-04-01,Blue Bell IceCream,1,17:45:00
262,winndixie,IMG_9725.txt,2025-04-01,Strbucks Frppccino,1,17:45:00
263,winndixie,IMG_9724.txt,2025-04-08,Fanta Soda,1,20:54:00
264,winndixie,IMG_9724.txt,2025-04-08,Smucker's Spread,1,20:54:00
265,winndixie,IMG_9724.txt,2025-04-08,smucker's Jelly,1,20:54:00
266,winndixie,IMG_9724.txt,2025-04-08,CocaCola Soda,8,20:54:00
267,winndixie,IMG_9722.txt,2025-04-08,TH NEAPOLTN IC,1,20:54:00
268,winndixie,IMG_9722.txt,2025-04-08,Ritz Crackers,1,20:54:00
269,winndixie,IMG_9721.txt,2025-04-10,Nutella Spread,1,19:20:00
270,winndixie,IMG_9721.txt,2025-04-10,Annie Chun's Bowl,1,19:20:00
271,winndixie,IMG_9721.txt,2025-04-10,Smucker's Uncrstbl,1,19:20:00
272,winndixie,IMG_9721.txt,2025-04-10,Kraft Mac & Cheese,1,19:20:00
273,winndixie,IMG_9721.txt,2025-04-10,Red Baron Pizza,1,19:20:00
274,winndixie,IMG_9721.txt,2025-04-10,Bunny Bread,1,19:20:00
275,winndixie,IMG_9721.txt,2025-04-10,Beef Cubed Steak,1,19:20:00
276,winndixie,IMG_9721.txt,2025-04-10,Prairie Farm Milk,1,19:20:00
277,winndixie,IMG_9721.txt,2025-04-10,k&l Milk,1,19:20:00
278,winndixie,IMG_9720.txt,2025-04-12,Minute Maid Lmnade,2,13:26:00
279,winndixie,IMG_9720.txt,2025-04-12,D&W Turkey,1,13:26:00
280,winndixie,IMG_9720.txt,2025-04-12,D&W Cheese,1,13:26:00
281,winndixie,IMG_9720.txt,2025-04-12,SEG PNCK POUCH,1,13:26:00
282,winndixie,IMG_9720.txt,2025-04-12,4 Star Roast Beef,1,13:26:00
283,winndixie,IMG_9720.txt,2025-04-12,Chicken Thighs,1,13:26:00
284,winndixie,IMG_9720.txt,2025-04-12,Nissin Noodle Soup,1,13:26:00
285,winndixie,IMG_9720.txt,2025-04-12,wr Bananas,1,13:26:00
286,winndixie,IMG_9720.txt,2025-04-12,Taylor Farms Green,1,13:26:00
287,winndixie,IMG_9720.txt,2025-04-12,SEG Green Grapes,1,13:26:00
288,winndixie,IMG_9719.txt,2025-04-23,Butterball Turkey,1,17:57:00
289,winndixie,IMG_9719.txt,2025-04-23,D&W Cheese,1,17:57:00
290,winndixie,IMG_9719.txt,2025-04-23,Manda Sausage,1,17:57:00
291,winndixie,IMG_9719.txt,2025-04-23,DR PEPPER 12PK,1,17:57:00
292,winndixie,IMG_9719.txt,2025-04-23,Fanta Soda,1,17:57:00
293,winndixie,IMG_9719.txt,2025-04-23,Minute Maid Lmnade,1,17:57:00
294,winndixie,IMG_9719.txt,2025-04-23,Cocoa Krispies Crl,1,17:57:00
295,winndixie,IMG_9719.txt,2025-04-23,Lotus Cookie Buttr,1,17:57:00
296,winndixie,IMG_9719.txt,2025-04-23,Annie Chun's Bowl,1,17:57:00
297,winndixie,IMG_9719.txt,2025-04-23,MONSTER ULTRA FANT,1,17:57:00
298,winndixie,IMG_9719.txt,2025-04-23,Bomb Pop Popsicles,1,17:57:00
299,winndixie,IMG_9719.txt,2025-04-23,k&l Kidney Beans,1,17:57:00
300,winndixie,IMG_9719.txt,2025-04-23,Blue Runner Beans,1,17:57:00
301,winndixie,IMG_9719.txt,2025-04-23,k&l Corn,1,17:57:00
302,winndixie,IMG_9719.txt,2025-04-23,DIGIORNO PIZZA,1,17:57:00
303,winndixie,IMG_9718.txt,2025-04-28,KELLOGG APL JCK GT,1,20:06:00
304,winndixie,IMG_9718.txt,2025-04-28,CocaCola Soda,8,20:06:00
305,winndixie,IMG_9718.txt,2025-04-28,Red Baron Pizza,1,20:06:00
306,winndixie,IMG_9718.txt,2025-04-28,Hugbi Pies,2,20:06:00
307,winndixie,IMG_9718.txt,2025-04-28,Quaker Instnt Grts,1,20:06:00
308,winndixie,IMG_9718.txt,2025-04-28,Rght Grd Ddrnt,1,20:06:00
309,winndixie,IMG_9718.txt,2025-04-28,Degree Dry Spray,1,20:06:00
310,winndixie,IMG_9718.txt,2025-04-28,Bacon Inst Grits,1,20:06:00
311,winndixie,IMG_9718.txt,2025-04-28,Dewafelbakkr Pncks,2,20:06:00
312,winndixie,IMG_9718.txt,2025-04-28,SE Grocers Bread,1,20:06:00
313,winndixie,IMG_9718.txt,2025-04-28,Peter Pan Pnt Bttr,1,20:06:00
314,winndixie,IMG_9717.txt,2025-04-29,Danimals Smoothie,1,18:34:00
315,winndixie,IMG_9717.txt,2025-04-29,Cheetos,1,18:34:00
316,winndixie,IMG_9717.txt,2025-04-29,SEG Canned Fruit,1,18:34:00
317,winndixie,IMG_9717.txt,2025-04-29,k&l Sweet Peas,1,18:34:00
318,winndixie,IMG_9717.txt,2025-04-29,SpaghettiOs Pasta,1,18:34:00
319,winndixie,IMG_9717.txt,2025-04-29,Chips Ahoy Cookies,1,18:34:00
320,winndixie,IMG_9717.txt,2025-04-29,Wheat Thins Crackr,1,18:34:00
321,winndixie,IMG_9717.txt,2025-04-29,Knorr Rice Sides,1,18:34:00
322,winndixie,IMG_9717.txt,2025-04-29,Chobani Yogurt,1,18:34:00
323,winndixie,IMG_9717.txt,2025-04-29,Sparkling Ice Wtr,1,18:34:00
324,winndixie,IMG_9717.txt,2025-04-29,Sparkling Ice Wtr,2,18:34:00
325,winndixie,IMG_9717.txt,2025-04-29,Sparkling Ice Wtr,1,18:34:00
326,winndixie,IMG_9717.txt,2025-04-29,Sparkling Ice Wtr,1,18:34:00
327,winndixie,IMG_9717.txt,2025-04-29,Chicken Cutlet,1,18:34:00
328,winndixie,IMG_9717.txt,2025-04-29,Pork Chops,1,18:34:00
329,winndixie,IMG_9717.txt,2025-04-29,wr Apples,1,18:34:00
330,winndixie,IMG_9717.txt,2025-04-29,. Yellow Corn,3,18:34:00
331,winndixie,IMG_9717.txt,2025-04-29,k&l Milk,1,18:34:00
332,winndixie,IMG_9716.txt,2025-05-03,Bunny Bread,1,16:29:00
333,winndixie,IMG_9716.txt,2025-05-03,NABISCO MINI VARTY,2,16:29:00
334,winndixie,IMG_9716.txt,2025-05-03,Blue Bell IceCream,1,16:29:00
335,winndixie,IMG_9716.txt,2025-05-03,Little Debbie Snck,1,16:29:00
336,winndixie,IMG_9716.txt,2025-05-03,k&l Milk,1,16:29:00
337,winndixie,IMG_9716.txt,2025-05-03,Slim Jim Jerky,1,16:29:00
338,winndixie,IMG_9716.txt,2025-05-03,SUAVE SWEET PEA BW,1,16:29:00
339,winndixie,IMG_9716.txt,2025-05-03,Hershey's Syrup,1,16:29:00
340,winndixie,IMG_9716.txt,2025-05-03,SEG Jumbo Biscuit,1,16:29:00
341,winndixie,IMG_9716.txt,2025-05-03,Philadlph Crm Chse,1,16:29:00
342,winndixie,IMG_9716.txt,2025-05-03,SpaghettiOs Pasta,2,16:29:00
343,winndixie,IMG_9716.txt,2025-05-03,Bush's Best Beans,1,16:29:00
344,winndixie,IMG_9716.txt,2025-05-03,Hubba Bubba Gum,1,16:29:00
345,winndixie,IMG_9716.txt,2025-05-03,SEG Turkey,1,16:29:00
346,winndixie,IMG_9716.txt,2025-05-03,Top Sirloin Steak,1,16:29:00
347,winndixie,IMG_9716.txt,2025-05-03,Chicken Leg,1,16:29:00
348,winndixie,IMG_9715.txt,2025-05-10,Pearl Millng Syrup,1,17:02:00
349,winndixie,IMG_9715.txt,2025-05-10,Hugbi Pies,2,17:02:00
350,winndixie,IMG_9715.txt,2025-05-10,HALLMARK ITEM,1,17:02:00
351,winndixie,IMG_9715.txt,2025-05-10,. DR PEPPER 12PK,3,17:02:00
352,winndixie,IMG_9715.txt,2025-05-10,Coca Cola Cola,2,17:02:00
353,winndixie,IMG_9713.txt,2025-05-15,k&l Milk,1,20:19:00
354,winndixie,IMG_9713.txt,2025-05-15,Sno-Balls To Go,1,20:19:00
355,winndixie,IMG_9712.txt,2025-05-31,SEG Ice Cream Cone,1,21:01:00
356,winndixie,IMG_9712.txt,2025-05-31,DIGIORNO PIZZA,1,21:01:00
357,winndixie,IMG_9712.txt,2025-05-31,Lotus Cookie Buttr,1,21:01:00
358,winndixie,IMG_9712.txt,2025-05-31,SpaghettiOs Pasta,1,21:01:00
359,winndixie,IMG_9711.txt,2025-06-01,Bunny Bread,1,18:31:00
360,winndixie,IMG_9711.txt,2025-06-01,Fresh Meats,1,18:31:00
361,winndixie,IMG_9711.txt,2025-06-01,k&l Milk,1,18:31:00
362,winndixie,IMG_9711.txt,2025-06-01,Oscar Mayer Lnchbl,1,18:31:00
363,winndixie,IMG_9711.txt,2025-06-01,Chobani Yogurt,2,18:31:00
364,winndixie,IMG_9711.txt,2025-06-01,SE Grocers Pasta,1,18:31:00
365,winndixie,IMG_9711.txt,2025-06-01,SEG Turkey,1,18:31:00
366,winndixie,IMG_9711.txt,2025-06-01,k&l Corn,1,18:31:00
367,winndixie,IMG_9711.txt,2025-06-01,k&l Diced Tomatoes,1,18:31:00
368,winndixie,IMG_9711.txt,2025-06-01,Nutella Spread,1,18:31:00
369,winndixie,IMG_9711.txt,2025-06-01,Coffee Mate Creamr,1,18:31:00
370,winndixie,IMG_9711.txt,2025-06-01,Lunchables Snack,2,18:31:00
371,winndixie,IMG_9711.txt,2025-06-01,Lunchables Snack,1,18:31:00
372,winndixie,IMG_9711.txt,2025-06-01,OM BASICS HAM-AMER,1,18:31:00
373,winndixie,IMG_9710.txt,2025-06-06,Smucker's Jelly,2,22:17:00
374,winndixie,IMG_9710.txt,2025-06-06,Sno-Balls To Go,1,22:17:00
375,winndixie,IMG_9710.txt,2025-06-06,Sno-Balls To Go,1,22:17:00
376,winndixie,IMG_9710.txt,2025-06-06,Dewafelbakkr Pncks,1,22:17:00
377,winndixie,IMG_9710.txt,2025-06-06,. Hugbi Pies,3,22:17:00
378,winndixie,IMG_9709.txt,2025-06-07,Fanta Soda,1,13:18:00
379,winndixie,IMG_9709.txt,2025-06-07,Minute Maid Lmnade,1,13:18:00
380,winndixie,IMG_9709.txt,2025-06-07,Smucker's Spread,1,13:18:00
381,winndixie,IMG_9709.txt,2025-06-07,Blue Plate Mynnase,2,13:18:00
382,winndixie,IMG_9709.txt,2025-06-07,HSWT Thk Bacon,1,13:18:00
383,winndixie,IMG_9709.txt,2025-06-07,D&W Cheese,1,13:18:00
384,winndixie,IMG_9709.txt,2025-06-07,SEG Turkey,1,13:18:00
385,winndixie,IMG_9709.txt,2025-06-07,Bunny Bread,1,13:18:00
386,winndixie,IMG_9708.txt,2025-06-09,Little Hug Drink,1,20:39:00
387,winndixie,IMG_9707.txt,2025-06-22,GAIN LQ HEC OXI WD,1,17:27:00
388,winndixie,IMG_9707.txt,2025-06-22,k&l Milk,1,17:27:00
389,winndixie,IMG_9707.txt,2025-06-22,BB MINI SWIRL CONE,1,17:27:00
390,winndixie,IMG_9707.txt,2025-06-22,Oscar Mayer Lnchbl,1,17:27:00
391,winndixie,IMG_9707.txt,2025-06-22,Lunchables Snack,1,17:27:00
392,winndixie,IMG_9707.txt,2025-06-22,Lunchables Snack,1,17:27:00
393,winndixie,IMG_9707.txt,2025-06-22,Nutella Spread,1,17:27:00
394,winndixie,IMG_9707.txt,2025-06-22,SEG Turkey,1,17:27:00
395,winndixie,IMG_9707.txt,2025-06-22,D&W Cheese,1,17:27:00
396,winndixie,IMG_9707.txt,2025-06-22,Chobani Yogurt,2,17:27:00
397,winndixie,IMG_9707.txt,2025-06-22,Chicken Cutlet,1,17:27:00
398,winndixie,IMG_9707.txt,2025-06-22,Boneless Pork Ribs,1,17:27:00
399,winndixie,IMG_9707.txt,2025-06-22,Bunny Bread,1,17:27:00
400,winndixie,IMG_9706.txt,2025-06-26,Smucker's Uncrstbl,1,17:52:00
401,winndixie,IMG_9706.txt,2025-06-26,Minute Maid Lmnade,1,17:52:00
402,winndixie,IMG_9706.txt,2025-06-26,Diet Bargs Rt Beer,1,17:52:00
403,winndixie,IMG_9706.txt,2025-06-26,Kinder Joy Treat,1,17:52:00
404,winndixie,IMG_9706.txt,2025-06-26,Fanta Soda,1,17:52:00
405,winndixie,IMG_9705.txt,2025-06-29,Pringles Chips,1,13:12:00
406,winndixie,IMG_9705.txt,2025-06-29,Fanta Soda,1,13:12:00
407,winndixie,IMG_9704.txt,2025-06-30,. Sno-Balls To Go,3,14:11:00
408,winndixie,IMG_9704.txt,2025-06-30,Dewafelbakkr Pncks,1,14:11:00
409,winndixie,IMG_9704.txt,2025-06-30,KELLOGG APL JCK GT,1,14:11:00
410,winndixie,IMG_9704.txt,2025-06-30,k&l Milk,1,14:11:00
411,winndixie,IMG_9704.txt,2025-06-30,DR PEPPER 12PK,8,14:11:00
412,winndixie,IMG_9703.txt,2025-07-09,Sno-Balls To Go,4,18:01:00
413,winndixie,IMG_9703.txt,2025-07-09,ALM PETIT FOUR,1,18:01:00
414,winndixie,IMG_9703.txt,2025-07-09,SEG Turkey,1,18:01:00
415,winndixie,IMG_9703.txt,2025-07-09,Peter Pan Pnt Bttr,2,18:01:00
416,winndixie,IMG_9703.txt,2025-07-09,Good2Grow 100% Jce,1,18:01:00
417,winndixie,IMG_9703.txt,2025-07-09,APPLE JACK DONUT,1,18:01:00
418,winndixie,IMG_9703.txt,2025-07-09,Lunchables Snack,1,18:01:00
419,winndixie,IMG_9703.txt,2025-07-09,Sparkling Ice Wtr,1,18:01:00
420,winndixie,IMG_9703.txt,2025-07-09,Sparkling Ice Wtr,1,18:01:00
421,winndixie,IMG_9703.txt,2025-07-09,Sno-Balls To Go,1,18:01:00
422,winndixie,IMG_9703.txt,2025-07-09,Sparkling Ice Wtr,1,18:01:00
423,winndixie,IMG_9703.txt,2025-07-09,Sparkling Ice Wtr,1,18:01:00
424,winndixie,IMG_9703.txt,2025-07-09,Lunchables Snack,1,18:01:00
425,winndixie,IMG_9703.txt,2025-07-09,Chse Vrty Inst Grt,1,18:01:00
426,winndixie,IMG_9703.txt,2025-07-09,Cocoa Krispies Crl,1,18:01:00
427,winndixie,IMG_9703.txt,2025-07-09,Pearl Millng Syrup,1,18:01:00
428,winndixie,IMG_9703.txt,2025-07-09,Coca Cola Cola,3,18:01:00
429,winndixie,IMG_9702.txt,2025-07-12,Nutella Spread,1,14:51:00
430,winndixie,IMG_9702.txt,2025-07-12,SE Grocers Bread,1,14:51:00
431,winndixie,IMG_9702.txt,2025-07-12,SEG Pasta Sauce,1,14:51:00
432,winndixie,IMG_9702.txt,2025-07-12,HS Regular Bacon,1,14:51:00
433,winndixie,IMG_9702.txt,2025-07-12,SF Chicken Thighs,1,14:51:00
434,winndixie,IMG_9702.txt,2025-07-12,Lunchables Snack,1,14:51:00
435,winndixie,IMG_9702.txt,2025-07-12,Lunchables Snack,1,14:51:00
436,winndixie,IMG_9702.txt,2025-07-12,OM BASICS TURKEY-A,1,14:51:00
437,winndixie,IMG_9702.txt,2025-07-12,Lunchables Snack,1,14:51:00
438,winndixie,IMG_9702.txt,2025-07-12,Watermelon,1,14:51:00
439,winndixie,IMG_9701.txt,2025-07-16,SEG Turkey,1,18:06:00
440,winndixie,IMG_9701.txt,2025-07-16,D&W Cheese,1,18:06:00
441,winndixie,IMG_9701.txt,2025-07-16,SE Grocers Bread,1,18:06:00
442,winndixie,IMG_9701.txt,2025-07-16,Gold Peak Tea,1,18:06:00
443,winndixie,IMG_9701.txt,2025-07-16,Sparkling Ice Wtr,1,18:06:00
444,winndixie,IMG_9701.txt,2025-07-16,SI Starburst Straw,1,18:06:00
445,winndixie,IMG_9701.txt,2025-07-16,SI Starburst Cherr,1,18:06:00
446,winndixie,IMG_9700.txt,2025-07-20,k&l Milk,1,11:07:00
447,winndixie,IMG_9700.txt,2025-07-20,Gatorade Beverage,1,11:07:00
448,winndixie,IMG_9700.txt,2025-07-20,Coffee Mate Creamr,1,11:07:00
449,winndixie,IMG_9700.txt,2025-07-20,Scott Bthrm Tissue,1,11:07:00
450,winndixie,IMG_9700.txt,2025-07-20,k&l Sweet Peas,1,11:07:00
451,winndixie,IMG_9700.txt,2025-07-20,SpaghettiOs Pasta,1,11:07:00
452,winndixie,IMG_9700.txt,2025-07-20,Maruchan Ramen Sup,1,11:07:00
453,winndixie,IMG_9700.txt,2025-07-20,Sunny Meadows Eggs,1,11:07:00
454,winndixie,IMG_9700.txt,2025-07-20,SEG Turkey,1,11:07:00
455,winndixie,IMG_9700.txt,2025-07-20,Armour Crunchers,1,11:07:00
456,winndixie,IMG_9700.txt,2025-07-20,Kraft Mac & Cheese,1,11:07:00
457,winndixie,IMG_9700.txt,2025-07-20,OM BASICS HAM-AMER,1,11:07:00
458,winndixie,IMG_9700.txt,2025-07-20,Lunchables Snack,1,11:07:00
459,winndixie,IMG_9700.txt,2025-07-20,wr Bananas,1,11:07:00
460,winndixie,IMG_9700.txt,2025-07-20,Yellow Corn,4,11:07:00
461,winndixie,IMG_9699.txt,2025-07-21,Coca Cola Cola,1,12:21:00
462,winndixie,IMG_9699.txt,2025-07-21,NYB Garlic Bread,1,12:21:00
463,winndixie,IMG_9699.txt,2025-07-21,Sno-Balls To Go,2,12:21:00
464,winndixie,IMG_9699.txt,2025-07-21,Hugbi Pies,2,12:21:00
465,winndixie,IMG_9699.txt,2025-07-21,Dewafelbakkr Pncks,1,12:21:00
466,winndixie,IMG_9698.txt,2025-07-24,Coca Cola Cola,4,14:47:00
467,winndixie,IMG_9698.txt,2025-07-24,k&l Milk,1,14:47:00
468,winndixie,IMG_9698.txt,2025-07-24,SEG 100% Juice,1,14:47:00
469,winndixie,IMG_9697.txt,2025-07-28,Smucker's Uncrstbl,1,18:41:00
470,winndixie,IMG_9697.txt,2025-07-28,BB MINI SWIRL CONE,1,18:41:00
471,winndixie,IMG_9697.txt,2025-07-28,Danimals Smoothie,1,18:41:00
472,winndixie,IMG_9697.txt,2025-07-28,k&l Milk,1,18:41:00
473,winndixie,IMG_9697.txt,2025-07-28,Top Care Nitetime,1,18:41:00
474,winndixie,IMG_9697.txt,2025-07-28,SEG Seasoning Mix,1,18:41:00
475,winndixie,IMG_9697.txt,2025-07-28,Hershey's Candy,1,18:41:00
476,winndixie,IMG_9697.txt,2025-07-28,FRIED CKN 8PC,1,18:41:00
477,winndixie,IMG_9697.txt,2025-07-28,15ct Oatmeal Raisi,1,18:41:00
478,winndixie,IMG_9697.txt,2025-07-28,SEG Sour Cream,1,18:41:00
479,winndixie,IMG_9697.txt,2025-07-28,SE Grocers Syrup,1,18:41:00
480,winndixie,IMG_9697.txt,2025-07-28,SEG Turkey,1,18:41:00
481,winndixie,IMG_9697.txt,2025-07-28,Ground Beef,1,18:41:00
482,winndixie,IMG_9697.txt,2025-07-28,Strawberries,1,18:41:00
483,winndixie,IMG_9696.txt,2025-07-31,SEG Turkey,1,16:34:00
484,winndixie,IMG_9696.txt,2025-07-31,Cheez-It Crackers,1,16:34:00
485,winndixie,IMG_9696.txt,2025-07-31,SE Grocers Bread,1,16:34:00
486,winndixie,IMG_9695.txt,2025-08-02,CocaCola Soda,4,22:29:00
487,winndixie,IMG_9695.txt,2025-08-02,k&l Milk,1,22:29:00
488,winndixie,IMG_9695.txt,2025-08-02,Hugbi Pies,2,22:29:00
489,winndixie,IMG_9695.txt,2025-08-02,Pearl Millng Syrup,1,22:29:00
490,winndixie,IMG_9695.txt,2025-08-02,Smucker's Jelly,1,22:29:00
491,winndixie,IMG_9695.txt,2025-08-02,Smucker's Spread,1,22:29:00
492,winndixie,IMG_9695.txt,2025-08-02,Sno-Balls To Go,1,22:29:00
493,winndixie,IMG_9695.txt,2025-08-02,Sno-Balls To Go,1,22:29:00
494,winndixie,IMG_9695.txt,2025-08-02,Sno-Balls To Go,1,22:29:00
495,winndixie,IMG_9695.txt,2025-08-02,ALM PETIT FOUR,1,22:29:00
496,winndixie,IMG_9695.txt,2025-08-02,Cinnagraham Cereal,1,22:29:00
497,winndixie,IMG_9693.txt,2025-08-02,Kinder Joy Treat,1,22:29:00
498,winndixie,IMG_9692.txt,2025-08-03,Puffs Tissues,1,16:38:00
499,winndixie,IMG_9692.txt,2025-08-03,WaT Cat Litter,1,16:38:00
500,winndixie,IMG_9692.txt,2025-08-03,Arm & Hammer Dtgnt,1,16:38:00
501,winndixie,IMG_9692.txt,2025-08-03,Chobani Yogurt,3,16:38:00
502,winndixie,IMG_9692.txt,2025-08-03,Chobani Yogurt,2,16:38:00
503,winndixie,IMG_9692.txt,2025-08-03,Lunchables Snack,2,16:38:00
504,winndixie,IMG_9692.txt,2025-08-03,OM BASICS TURKEY-A,2,16:38:00
505,winndixie,IMG_9692.txt,2025-08-03,SEG IC Sandwich,1,16:38:00
506,winndixie,IMG_9692.txt,2025-08-03,SEG BOIL-N-BAG,1,16:38:00
507,winndixie,IMG_9692.txt,2025-08-03,NABISCO MINI VARTY,1,16:38:00
508,winndixie,IMG_9692.txt,2025-08-03,TF Green Beans,1,16:38:00
509,winndixie,IMG_9692.txt,2025-08-03,Mixed Grapes,1,16:38:00
510,winndixie,IMG_9692.txt,2025-08-03,k&l Kidney Beans,1,16:38:00
511,winndixie,IMG_9692.txt,2025-08-03,SpaghettiOs Pasta,1,16:38:00
512,winndixie,IMG_9692.txt,2025-08-03,Blue Runner Beans,2,16:38:00
513,winndixie,IMG_9692.txt,2025-08-03,Campbell's Soup,2,16:38:00
514,winndixie,IMG_9692.txt,2025-08-03,k&l Potatoes,2,16:38:00
515,winndixie,IMG_9692.txt,2025-08-03,kgél Corn,1,16:38:00
516,winndixie,IMG_9692.txt,2025-08-03,Pure Life 6pk,1,16:38:00
517,winndixie,IMG_9691.txt,2025-08-11,HALLMARK ITEM,1,17:56:00
518,winndixie,IMG_9691.txt,2025-08-11,MAGAZINE,1,17:56:00
519,winndixie,IMG_9691.txt,2025-08-11,Whoppers Candy,1,17:56:00
520,winndixie,IMG_9691.txt,2025-08-11,MM PB Mini Shr Sz,1,17:56:00
521,winndixie,IMG_9691.txt,2025-08-11,HALLMARK ITEM,1,17:56:00
522,winndixie,IMG_9689.txt,2025-08-11,Chek Root Beer,1,17:56:00
523,winndixie,IMG_9689.txt,2025-08-11,Chek Soda,1,17:56:00
524,winndixie,IMG_9689.txt,2025-08-11,DIGIORNO PIZZA,1,17:56:00
525,winndixie,IMG_9690.txt,2025-08-11,Annie Chun's Bowl,1,17:56:00
526,winndixie,IMG_9690.txt,2025-08-11,Lotus Cookie Buttr,1,17:56:00
527,winndixie,IMG_9688.txt,2025-08-12,Coca Cola Cola,1,12:12:00
528,winndixie,IMG_9687.txt,2025-08-14,Nutella Spread,1,15:33:00
529,winndixie,IMG_9687.txt,2025-08-14,k&l Milk,1,15:33:00
530,winndixie,IMG_9687.txt,2025-08-14,SARGENTO CHEESE,1,15:33:00
531,winndixie,IMG_9687.txt,2025-08-14,SEG Croutons,1,15:33:00
532,winndixie,IMG_9687.txt,2025-08-14,Kraft Cheese,1,15:33:00
533,winndixie,IMG_9687.txt,2025-08-14,SEG Eraser Pads,1,15:33:00
534,winndixie,IMG_9687.txt,2025-08-14,Topcare Liquid R1f,1,15:33:00
535,winndixie,IMG_9687.txt,2025-08-14,SEG Turkey,1,15:33:00
536,winndixie,IMG_9687.txt,2025-08-14,BHF Carrots,1,15:33:00
537,winndixie,IMG_9687.txt,2025-08-14,Dole Shred Lettuce,2,15:33:00
538,winndixie,IMG_9687.txt,2025-08-14,Mission Tortillas,1,15:33:00
539,winndixie,IMG_9687.txt,2025-08-14,Sunny Meadows Eggs,1,15:33:00
540,winndixie,IMG_9687.txt,2025-08-14,SE Grocers Bread,1,15:33:00
541,winndixie,IMG_9687.txt,2025-08-14,Fanta Soda,1,15:33:00
542,winndixie,IMG_9687.txt,2025-08-14,Minute Maid Lmnade,1,15:33:00
543,winndixie,IMG_9686.txt,2025-08-17,Krustz Pancake Mix,1,17:56:00
544,winndixie,IMG_9685.txt,2025-08-17,k&l Milk,1,17:56:00
545,winndixie,IMG_9685.txt,2025-08-17,On The Border Chip,1,17:56:00
546,winndixie,IMG_9685.txt,2025-08-17,SEG Picante Sauce,1,17:56:00
547,winndixie,IMG_9685.txt,2025-08-17,SpaghettiOs Pasta,1,17:56:00
548,winndixie,IMG_9685.txt,2025-08-17,Kraft Cheese,2,17:56:00
549,winndixie,IMG_9685.txt,2025-08-17,HC Cafe Steamers,1,17:56:00
550,winndixie,IMG_9685.txt,2025-08-17,SE Grocers Buns,1,17:56:00
551,winndixie,IMG_9685.txt,2025-08-17,Pork Chops,1,17:56:00
552,winndixie,IMG_9685.txt,2025-08-17,Fresh Meats,1,17:56:00
553,winndixie,IMG_9684.txt,2025-08-21,Tidy Cats Litter,1,19:18:00
554,winndixie,IMG_9684.txt,2025-08-21,k&l Milk,1,19:18:00
555,winndixie,IMG_9684.txt,2025-08-21,Nutella Spread,1,19:18:00
556,winndixie,IMG_9684.txt,2025-08-21,HC Cafe Steamers,1,19:18:00
557,winndixie,IMG_9684.txt,2025-08-21,Edwards Pies,1,19:18:00
558,winndixie,IMG_9684.txt,2025-08-21,Edwards Pies,1,19:18:00
559,winndixie,IMG_9684.txt,2025-08-21,SEG Bagel Bites,1,19:18:00
560,winndixie,IMG_9684.txt,2025-08-21,Smucker's Uncrstbl,1,19:18:00
561,winndixie,IMG_9684.txt,2025-08-21,SEG Bagel Bites,1,19:18:00
562,winndixie,IMG_9683.txt,2025-08-29,Hugbi Pies,2,18:06:00
563,winndixie,IMG_9683.txt,2025-08-29,SE Grocers Bread,1,18:06:00
564,winndixie,IMG_9683.txt,2025-08-29,Cupcakes 6ct,1,18:06:00
565,winndixie,IMG_9683.txt,2025-08-29,Nutella Spread,1,18:06:00
566,winndixie,IMG_9683.txt,2025-08-29,Pwrde Sports Drink,1,18:06:00
567,winndixie,IMG_9683.txt,2025-08-29,Fanta Soda,1,18:06:00
568,winndixie,IMG_9683.txt,2025-08-29,Coca Cola Cola,2,18:06:00
569,winndixie,IMG_9683.txt,2025-08-29,Dr. Pepper Soda,1,18:06:00
570,winndixie,IMG_9683.txt,2025-08-29,CocaCola Soda,6,18:06:00
571,winndixie,IMG_9683.txt,2025-08-29,Tic Tac Mints,1,18:06:00
572,winndixie,IMG_9682.txt,2025-08-30,MR SUSHI SHELF ITEM,1,12:55:00
573,winndixie,IMG_9682.txt,2025-08-30,wr Apples,1,12:55:00
574,winndixie,IMG_9682.txt,2025-08-30,Mixed Grapes,1,12:55:00
575,winndixie,IMG_9682.txt,2025-08-30,Twix Cookie Bars,1,12:55:00
576,winndixie,IMG_9682.txt,2025-08-30,Hubba Bubba Gum,1,12:55:00
577,winndixie,IMG_9682.txt,2025-08-30,Nutella Spread,1,12:55:00
578,winndixie,IMG_9682.txt,2025-08-30,Strbucks Frppccino,1,12:55:00
579,winndixie,IMG_9682.txt,2025-08-30,Armour Meatballs,2,12:55:00
580,winndixie,IMG_9682.txt,2025-08-30,Folgers Coffee,1,12:55:00
581,winndixie,IMG_9682.txt,2025-08-30,Nissin SF F Kor ch,1,12:55:00
582,winndixie,IMG_9682.txt,2025-08-30,Nissin SF Hon Chkn,1,12:55:00
583,winndixie,IMG_9682.txt,2025-08-30,Blue Runner Beans,1,12:55:00
584,winndixie,IMG_9682.txt,2025-08-30,k&l Diced Tomatoes,1,12:55:00
585,winndixie,IMG_9682.txt,2025-08-30,Bush's Best Beans,1,12:55:00
586,winndixie,IMG_9682.txt,2025-08-30,SEG Pasta Sauce,1,12:55:00
587,winndixie,IMG_9682.txt,2025-08-30,4 Star Roast Beef,1,12:55:00
588,winndixie,IMG_9682.txt,2025-08-30,Chisesi Ham,1,12:55:00
589,winndixie,IMG_9682.txt,2025-08-30,Sausage,1,12:55:00
590,winndixie,IMG_9682.txt,2025-08-30,SF Chicken Thighs,1,12:55:00
591,winndixie,IMG_9681.txt,2025-08-31,POWERADE 8PK,1,21:53:00
592,winndixie,IMG_9681.txt,2025-08-31,k&l Milk,1,21:53:00
593,winndixie,IMG_9681.txt,2025-08-31,Bagel Bites Chs &,1,21:53:00
594,winndixie,IMG_9681.txt,2025-08-31,Dewafelbakkr Pncks,1,21:53:00
595,winndixie,IMG_9681.txt,2025-08-31,SEG Breadsticks,1,21:53:00
596,winndixie,IMG_9681.txt,2025-08-31,Coca Cola Cola,2,21:53:00
597,winndixie,IMG_9680.txt,2025-09-01,Chisesi Ham,1,16:30:00
598,winndixie,IMG_9680.txt,2025-09-01,Watermelon Slices,1,16:30:00
599,winndixie,IMG_9680.txt,2025-09-01,Cilantro,1,16:30:00
600,winndixie,IMG_9680.txt,2025-09-01,Green Bell Pepper,1,16:30:00
601,winndixie,IMG_9680.txt,2025-09-01,wr Tomatoes,1,16:30:00
602,winndixie,IMG_9679.txt,2025-09-02,Kool Aid Drinks,1,19:04:00
603,winndixie,IMG_9679.txt,2025-09-02,MILK STRW,1,19:04:00
604,winndixie,IMG_9679.txt,2025-09-02,Coffee Mate Creamr,1,19:04:00
605,winndixie,IMG_9678.txt,2025-09-03,SEG IC Sandwich,1,18:52:00
606,winndixie,IMG_9678.txt,2025-09-03,Success Rice,1,18:52:00
607,winndixie,IMG_9678.txt,2025-09-03,Blue Runner Beans,1,18:52:00
608,winndixie,IMG_9678.txt,2025-09-03,k&l Canned Beans,1,18:52:00
609,winndixie,IMG_9677.txt,2025-09-04,cc Oil Spread,1,21:09:00
610,winndixie,IMG_9677.txt,2025-09-04,Pearl Millng Syrup,1,21:09:00
611,winndixie,IMG_9677.txt,2025-09-04,AXE BERGAMOT BODY,1,21:09:00
612,winndixie,IMG_9677.txt,2025-09-04,Good2Grow 100% Jce,1,21:09:00
613,winndixie,IMG_9677.txt,2025-09-04,Lipton Soup Mix,2,21:09:00
614,winndixie,IMG_9677.txt,2025-09-04,k&l Milk,1,21:09:00
615,winndixie,IMG_9676.txt,2025-09-06,Romaine Hearts,1,19:41:00
616,winndixie,IMG_9676.txt,2025-09-06,M&M's Candies,1,19:41:00
617,winndixie,IMG_9676.txt,2025-09-06,Mentos Mint,1,19:41:00
618,winndixie,IMG_9676.txt,2025-09-06,Green Bell Pepper,1,19:41:00
619,winndixie,IMG_9676.txt,2025-09-06,Produce Cucumbers,1,19:41:00
620,winndixie,IMG_9676.txt,2025-09-06,Reese's Candy,1,19:41:00
621,winndixie,IMG_9676.txt,2025-09-06,Mix Melon Chunks,1,19:41:00
622,winndixie,IMG_9675.txt,2025-09-08,Dr. Pepper 12pk,1,17:47:00
623,winndixie,IMG_9675.txt,2025-09-08,Minute Maid Lmnade,1,17:47:00
624,winndixie,IMG_9675.txt,2025-09-08,Fanta Soda,1,17:47:00
625,winndixie,IMG_9675.txt,2025-09-08,SEG Turkey,1,17:47:00
626,winndixie,IMG_9675.txt,2025-09-08,D&W Cheese,1,17:47:00
627,winndixie,IMG_9675.txt,2025-09-08,k&l Edamame,1,17:47:00
628,winndixie,IMG_9675.txt,2025-09-08,SE Grocers Cheese,2,17:47:00
629,winndixie,IMG_9675.txt,2025-09-08,HC Cafe Steamers,1,17:47:00
630,winndixie,IMG_9675.txt,2025-09-08,Dewafelbakkr Pncks,1,17:47:00
631,winndixie,IMG_9675.txt,2025-09-08,SpaghettiOs Pasta,1,17:47:00
632,winndixie,IMG_9675.txt,2025-09-08,SE Grocers Broth,1,17:47:00
633,winndixie,IMG_9675.txt,2025-09-08,Sparkling Ice Wtr,1,17:47:00
634,winndixie,IMG_9675.txt,2025-09-08,Andes Snap Bar,1,17:47:00
635,winndixie,IMG_9675.txt,2025-09-08,Lght 'n Flffy Ndle,1,17:47:00
636,winndixie,IMG_9675.txt,2025-09-08,Kool Aid Drinks,1,17:47:00
637,winndixie,IMG_9675.txt,2025-09-08,USDA Chce Stw Meat,1,17:47:00
638,winndixie,IMG_9675.txt,2025-09-08,SE Grocers Bread,1,17:47:00
639,winndixie,IMG_9675.txt,2025-09-08,Eggland's Best Egg,1,17:47:00
640,winndixie,IMG_9674.txt,2025-09-17,Lotus Cookie Buttr,1,17:32:00
641,winndixie,IMG_9674.txt,2025-09-17,Twister Punch,1,17:32:00
642,winndixie,IMG_9674.txt,2025-09-17,Peter Pan Crnch Pe,1,17:32:00
643,winndixie,IMG_9674.txt,2025-09-17,SE Grocers Bread,1,17:32:00
644,winndixie,IMG_9673.txt,2025-09-24,Coca Cola Cola,2,20:09:00
645,winndixie,IMG_9673.txt,2025-09-24,SE Grocers Bread,1,20:09:00
646,winndixie,IMG_9673.txt,2025-09-24,TOPCARE NIGHTTIME,1,20:09:00
647,winndixie,IMG_9673.txt,2025-09-24,ALM PETIT FOUR,1,20:09:00
648,winndixie,IMG_9672.txt,2025-09-24,Coca Cola Cola,2,20:09:00
649,winndixie,IMG_9671.txt,2025-09-30,SEG Ice Cream,1,19:56:00
650,winndixie,IMG_9671.txt,2025-09-30,k&l Sugar,1,19:56:00
651,winndixie,IMG_9671.txt,2025-09-30,k&l Milk,1,19:56:00
652,winndixie,IMG_9670.txt,2025-10-03,Fanta Soda,1,18:41:00
653,winndixie,IMG_9670.txt,2025-10-03,Fanta Soda,1,18:41:00
654,winndixie,IMG_9670.txt,2025-10-03,CocaCola Soda,1,18:41:00
655,winndixie,IMG_9670.txt,2025-10-03,SE Grocers Foil,1,18:41:00
656,winndixie,IMG_9670.txt,2025-10-03,SE Grocers Pasta,1,18:41:00
657,winndixie,IMG_9670.txt,2025-10-03,k&l Pasta Sauce,1,18:41:00
658,winndixie,IMG_9670.txt,2025-10-03,SpaghettiOs Pasta,1,18:41:00
659,winndixie,IMG_9670.txt,2025-10-03,Nutella Snack Pack,1,18:41:00
660,winndixie,IMG_9670.txt,2025-10-03,D&W Cheese,1,18:41:00
661,winndixie,IMG_9670.txt,2025-10-03,D&W Turkey,1,18:41:00
662,winndixie,IMG_9670.txt,2025-10-03,Pork Shoulder,1,18:41:00
663,winndixie,IMG_9670.txt,2025-10-03,Pork Shoulder,1,18:41:00
664,winndixie,IMG_9670.txt,2025-10-03,SE Grocers Bread,1,18:41:00
665,winndixie,IMG_9670.txt,2025-10-03,Cilantro,1,18:41:00
666,winndixie,IMG_9670.txt,2025-10-03,wr Asparagus,1,18:41:00
667,winndixie,IMG_9670.txt,2025-10-03,Peter Pan Crnch Pe,1,18:41:00
668,winndixie,IMG_0019.txt,2025-10-07,Prairie Farm Milk,1,18:06:00
669,winndixie,IMG_0019.txt,2025-10-07,k&l Milk,1,18:06:00
670,winndixie,IMG_0019.txt,2025-10-07,Cauliflower,1,18:06:00
671,winndixie,IMG_0019.txt,2025-10-07,SEG Sour Cream,1,18:06:00
672,winndixie,IMG_0019.txt,2025-10-07,Sliced Strwberries,1,18:06:00
673,winndixie,IMG_0019.txt,2025-10-07,McCormick Seasonng,1,18:06:00
674,winndixie,IMG_0019.txt,2025-10-07,LITTLE DEBBIE FOOT,1,18:06:00
675,winndixie,IMG_0019.txt,2025-10-07,know & love Cheese,1,18:06:00
676,winndixie,IMG_0019.txt,2025-10-07,Chuck Steak,1,18:06:00
677,winndixie,IMG_0019.txt,2025-10-07,NB Chicken Thighs,1,18:06:00
678,winndixie,IMG_0017.txt,2025-10-07,SEG Parchment Ppr,1,18:06:00
679,winndixie,IMG_9668.txt,2025-10-08,Coca Cola Cola,1,20:50:00
680,winndixie,IMG_0015.txt,2025-10-14,Kleinpeter Milk,1,18:08:00
681,winndixie,IMG_0015.txt,2025-10-14,Coca Cola,1,18:08:00
682,winndixie,IMG_0015.txt,2025-10-14,Dewafelbakkr Pncks,1,18:08:00
683,winndixie,IMG_0015.txt,2025-10-14,SE Grocers Bread,1,18:08:00
684,winndixie,IMG_0015.txt,2025-10-14,Coca Cola Cola,1,18:08:00
685,winndixie,IMG_0014.txt,2025-10-14,BE SF SLT PEPPR BR,1,18:08:00
686,winndixie,IMG_0014.txt,2025-10-14,BE SF WINTER BLEND,1,18:08:00
687,winndixie,IMG_0014.txt,2025-10-14,Crab Leg Surimi,1,18:08:00
688,winndixie,IMG_0014.txt,2025-10-14,Dole Shred Lettuce,2,18:08:00
689,winndixie,IMG_0014.txt,2025-10-14,SEG Seasoning Mix,1,18:08:00
690,winndixie,IMG_0014.txt,2025-10-14,SEG Bagel Bites,1,18:08:00
691,winndixie,IMG_0014.txt,2025-10-14,k&l Sweet Peas,1,18:08:00
692,winndixie,IMG_0014.txt,2025-10-14,k&l Corn,1,18:08:00
693,winndixie,IMG_0014.txt,2025-10-14,Kraft Mac & Cheese,1,18:08:00
694,winndixie,IMG_0014.txt,2025-10-14,wr Jumbo Sweet Onions,1,18:08:00
695,winndixie,IMG_0014.txt,2025-10-14,SEG Turkey,1,18:08:00
696,winndixie,IMG_0014.txt,2025-10-14,Fresh Meats,1,18:08:00
697,winndixie,IMG_0014.txt,2025-10-14,Top Round Steak,1,18:08:00
698,winndixie,IMG_9665.txt,2025-10-17,Coca Cola Cola,2,21:23:00
699,winndixie,IMG_9665.txt,2025-10-17,Hugbi Pies,1,21:23:00
700,winndixie,IMG_0013.txt,2025-10-17,Peter Pan Pnt Bttr,1,21:23:00
701,winndixie,IMG_0013.txt,2025-10-17,Coca Cola Cola,2,21:23:00
702,winndixie,IMG_9663.txt,2025-10-17,Cocoa Krispies Crl,1,21:23:00
703,winndixie,IMG_9662.txt,2025-10-21,LITTLE DEBBIE FOOT,1,18:05:00
704,winndixie,IMG_9662.txt,2025-10-21,D&W Turkey,1,18:05:00
705,winndixie,IMG_9662.txt,2025-10-21,Annie Chun's Bowl,1,18:05:00
706,winndixie,IMG_9662.txt,2025-10-21,Kraft Mac & Cheese,1,18:05:00
707,winndixie,IMG_9662.txt,2025-10-21,HC Cafe Steamers,1,18:05:00
708,winndixie,IMG_9662.txt,2025-10-21,SEG Bagel Bites,1,18:05:00
709,winndixie,IMG_9662.txt,2025-10-21,HC Cafe Steamers,1,18:05:00
710,winndixie,IMG_9662.txt,2025-10-21,Slim Jim Jerky,1,18:05:00
711,winndixie,IMG_9662.txt,2025-10-21,SEG Alfredo Sauce,1,18:05:00
712,winndixie,IMG_9662.txt,2025-10-21,k&l Pasta Sauce,1,18:05:00
713,winndixie,IMG_9662.txt,2025-10-21,Smucker's Spread,1,18:05:00
714,winndixie,IMG_9662.txt,2025-10-21,smucker's Jelly,1,18:05:00
715,winndixie,IMG_9662.txt,2025-10-21,Lotus Cookie Buttr,1,18:05:00
716,winndixie,IMG_9662.txt,2025-10-21,k&l Milk,1,18:05:00
717,winndixie,IMG_9662.txt,2025-10-21,SEG Slcd Mushrooms,1,18:05:00
718,winndixie,IMG_9662.txt,2025-10-21,. Yellow Corn,3,18:05:00
719,winndixie,IMG_9661.txt,2025-10-23,Quaker Rice Crisps,1,13:11:00
720,winndixie,IMG_9661.txt,2025-10-23,SB TRPL SHOT RICH,1,13:11:00
721,winndixie,IMG_9661.txt,2025-10-23,Cheez-It Crackers,2,13:11:00
722,winndixie,IMG_9661.txt,2025-10-23,Sparkling Ice Wtr,1,13:11:00
723,winndixie,IMG_9661.txt,2025-10-23,Sparkling Ice Wtr,1,13:11:00
724,winndixie,IMG_9661.txt,2025-10-23,Sparkling Ice Wtr,1,13:11:00
725,winndixie,IMG_9661.txt,2025-10-23,Sparkling Ice Wtr,1,13:11:00
726,winndixie,IMG_9661.txt,2025-10-23,Dr. Pepper Soda,1,13:11:00
727,winndixie,IMG_9661.txt,2025-10-23,Fanta Soda,1,13:11:00
728,winndixie,IMG_9661.txt,2025-10-23,Fanta Soda,1,13:11:00
729,winndixie,IMG_9660.txt,2025-10-24,Pearl Millng Syrup,1,22:35:00
730,winndixie,IMG_9660.txt,2025-10-24,GM WFFL TST CRNC,1,22:35:00
731,winndixie,IMG_9660.txt,2025-10-24,SEG Sandwich Bread,1,22:35:00
732,winndixie,IMG_9660.txt,2025-10-24,Peter Pan Pnt Bttr,1,22:35:00
733,winndixie,IMG_9660.txt,2025-10-24,POWERADE 8PK,1,22:35:00
734,winndixie,IMG_9660.txt,2025-10-24,Coca Cola Cola,2,22:35:00
735,winndixie,IMG_9659.txt,2025-10-25,Chisesi Ham,1,11:01:00
736,winndixie,IMG_9659.txt,2025-10-25,SEG Turkey,1,11:01:00
737,winndixie,IMG_9659.txt,2025-10-25,k&l Edamame,1,11:01:00
738,winndixie,IMG_9659.txt,2025-10-25,k&l Green Beans,1,11:01:00
739,winndixie,IMG_9659.txt,2025-10-25,k&l Winter Mix,1,11:01:00
740,winndixie,IMG_9659.txt,2025-10-25,Sow Good Candy,1,11:01:00
741,winndixie,IMG_9659.txt,2025-10-25,OM BASICS TURKEY-A,1,11:01:00
742,winndixie,IMG_9659.txt,2025-10-25,Blue Bell IceCream,1,11:01:00
743,winndixie,IMG_9659.txt,2025-10-25,Fresh Meats,1,11:01:00
744,winndixie,IMG_9659.txt,2025-10-25,Pillsbury Biscuits,1,11:01:00
745,winndixie,IMG_9659.txt,2025-10-25,Banquet Sausage,2,11:01:00
746,winndixie,IMG_9659.txt,2025-10-25,k&l Ricotta Cheese,1,11:01:00
747,winndixie,IMG_9659.txt,2025-10-25,Coffee Mate Creamr,1,11:01:00
748,winndixie,IMG_9659.txt,2025-10-25,SE Grocers Pasta,1,11:01:00
749,winndixie,IMG_9658.txt,2025-10-27,k&l Milk,1,20:36:00
750,winndixie,IMG_9658.txt,2025-10-27,SEG Fruit Punch,1,20:36:00
751,winndixie,IMG_9657.txt,2025-10-30,Fritos Dip,1,20:45:00
752,winndixie,IMG_9657.txt,2025-10-30,Quaker Rice Crisps,1,20:45:00
753,winndixie,IMG_9657.txt,2025-10-30,Essentials Cookies,1,20:45:00
754,winndixie,IMG_9657.txt,2025-10-30,Campbell's Soup,1,20:45:00
755,winndixie,IMG_9657.txt,2025-10-30,Mission Chips,2,20:45:00
756,winndixie,IMG_9656.txt,2025-11-04,Hugbi Pies,2,14:00:00
757,winndixie,IMG_9656.txt,2025-11-04,know & love Cheese,1,14:00:00
758,winndixie,IMG_9656.txt,2025-11-04,Chicken Thighs,1,14:00:00
759,winndixie,IMG_9656.txt,2025-11-04,Dewafelbakkr Pncks,1,14:00:00
760,winndixie,IMG_9656.txt,2025-11-04,Fanta Soda,1,14:00:00
761,winndixie,IMG_9656.txt,2025-11-04,DR PEPPER 12PK,1,14:00:00
762,winndixie,IMG_9656.txt,2025-11-04,CocaCola Soda,10,14:00:00
763,winndixie,IMG_9656.txt,2025-11-04,Kleinpeter Milk,1,14:00:00
764,winndixie,IMG_9655.txt,2025-11-05,k&l Canned Beans,1,17:59:00
765,winndixie,IMG_9655.txt,2025-11-05,Blue Runner Beans,1,17:59:00
766,winndixie,IMG_9655.txt,2025-11-05,Manda Sausage,1,17:59:00
767,winndixie,IMG_9655.txt,2025-11-05,SEG BOIL-N-BAG,1,17:59:00
768,winndixie,IMG_0002.txt,2025-11-09,kél Milk,1,22:48:00
769,winndixie,IMG_0001.txt,2025-11-13,SEG White Bread,1,14:28:00
770,winndixie,IMG_0001.txt,2025-11-13,Sargento Cheese,1,14:28:00
771,winndixie,IMG_0001.txt,2025-11-13,Sargento Cheese,1,14:28:00
772,winndixie,IMG_0001.txt,2025-11-13,Hormel Pepperoni,1,14:28:00
773,winndixie,IMG_0001.txt,2025-11-13,SEG Ham,1,14:28:00
774,winndixie,IMG_0001.txt,2025-11-13,D&W Turkey,1,14:28:00
775,winndixie,IMG_0001.txt,2025-11-13,SEG Fruit Punch,1,14:28:00
776,winndixie,IMG_0001.txt,2025-11-13,know & love Cheese,1,14:28:00
777,winndixie,IMG_0001.txt,2025-11-13,SEG Eraser Pads,2,14:28:00
778,winndixie,IMG_0001.txt,2025-11-13,SE Grocers Olives,1,14:28:00
779,winndixie,IMG_0001.txt,2025-11-13,Dole Can Pineapple,1,14:28:00
780,winndixie,IMG_0001.txt,2025-11-13,Pearl Millng Syrup,1,14:28:00
781,winndixie,IMG_0001.txt,2025-11-13,SEG Water Enhancer,1,14:28:00
782,winndixie,IMG_0001.txt,2025-11-13,MID'S SAUSAGE PIZ2Z,1,14:28:00
783,winndixie,IMG_0001.txt,2025-11-13,Powerade Drink,1,14:28:00
784,winndixie,IMG_0001.txt,2025-11-13,Powerade Drink,1,14:28:00
785,winndixie,IMG_0001.txt,2025-11-13,Sparkling Ice Wtr,1,14:28:00
786,winndixie,IMG_0001.txt,2025-11-13,Sparkling Ice Wtr,1,14:28:00
787,winndixie,IMG_0001.txt,2025-11-13,Sparkling Ice Wtr,1,14:28:00
788,winndixie,IMG_0001.txt,2025-11-13,A&H Scent Boosters,1,14:28:00
789,winndixie,IMG_0001.txt,2025-11-13,Sparkling Ice Wtr,1,14:28:00
790,winndixie,IMG_0001.txt,2025-11-13,SCENT BOOSTERS,1,14:28:00
791,winndixie,IMG_0001.txt,2025-11-13,SI Starburst Straw,1,14:28:00
792,winndixie,IMG_9999.txt,2025-11-15,kél Milk,1,19:55:00
793,winndixie,IMG_9999.txt,2025-11-15,Gatorade Beverage,1,19:55:00
794,winndixie,IMG_9999.txt,2025-11-15,Gatorade Beverage,1,19:55:00
795,winndixie,IMG_9999.txt,2025-11-15,Nutella Biscuits,1,19:55:00
796,winndixie,IMG_9999.txt,2025-11-15,Fabuloso Cleaner,1,19:55:00
797,winndixie,IMG_9999.txt,2025-11-15,Kraft Mac & Cheese,2,19:55:00
798,winndixie,IMG_9999.txt,2025-11-15,Kool Aid Drinks,1,19:55:00
799,winndixie,IMG_9999.txt,2025-11-15,SEG Whipped Toppng,1,19:55:00
800,winndixie,IMG_9999.txt,2025-11-15,k&l Corn,1,19:55:00
801,winndixie,IMG_9999.txt,2025-11-15,Blue Runner Beans,1,19:55:00
802,winndixie,IMG_9999.txt,2025-11-15,Sliced Strwberries,1,19:55:00
803,winndixie,IMG_9999.txt,2025-11-15,LSS Toothpaste,1,19:55:00
804,winndixie,IMG_9999.txt,2025-11-15,Home Select Foil,1,19:55:00
805,winndixie,IMG_9998.txt,2025-11-17,SEG Sprklng Water,1,18:59:00
806,winndixie,IMG_9998.txt,2025-11-17,SEG Sprklng Water,1,18:59:00
807,winndixie,IMG_9998.txt,2025-11-17,Golden Flake Skins,1,18:59:00
808,winndixie,IMG_9998.txt,2025-11-17,Topcare Liquid R1f,2,18:59:00
809,winndixie,IMG_9998.txt,2025-11-17,Lotus Cookie Buttr,1,18:59:00
810,winndixie,IMG_9998.txt,2025-11-17,Monster Enrgy Drnk,1,18:59:00
811,winndixie,IMG_9998.txt,2025-11-17,Pictsweet Vegetble,1,18:59:00
812,winndixie,IMG_9998.txt,2025-11-17,Kevins Thai Style,1,18:59:00
813,winndixie,IMG_9998.txt,2025-11-17,Lunchables Snack,1,18:59:00
814,winndixie,IMG_9998.txt,2025-11-17,Armour Lunchmakers,1,18:59:00
815,winndixie,IMG_9998.txt,2025-11-17,Pork Chops,1,18:59:00
816,winndixie,IMG_9998.txt,2025-11-17,Pork Chops,1,18:59:00
817,winndixie,IMG_9998.txt,2025-11-17,Kinder Bueno,2,18:59:00
818,winndixie,IMG_9997.txt,2025-11-20,SEG Sandwich Bread,1,11:25:00
819,winndixie,IMG_9997.txt,2025-11-20,k&l Milk,1,11:25:00
820,winndixie,IMG_9997.txt,2025-11-20,CocaCola Soda,6,11:25:00
821,winndixie,IMG_9997.txt,2025-11-20,CocaCola Soda,1,11:25:00
822,winndixie,IMG_9997.txt,2025-11-20,DR PEPPER 12PK,1,11:25:00
823,winndixie,IMG_9997.txt,2025-11-20,Chobani Yogurt,1,11:25:00
824,winndixie,IMG_9997.txt,2025-11-20,SE Grocers Oats,1,11:25:00
825,winndixie,IMG_9997.txt,2025-11-20,k&l Milk,1,11:25:00
826,winndixie,IMG_9996.txt,2025-11-26,kél Milk,1,18:45:00
827,winndixie,IMG_9996.txt,2025-11-26,Kleinpeter Milk,1,18:45:00
828,winndixie,IMG_9996.txt,2025-11-26,Smucker's Spread,2,18:45:00
829,winndixie,IMG_9996.txt,2025-11-26,Jiffy Foil Pan,1,18:45:00
830,winndixie,IMG_9996.txt,2025-11-26,Edwards Pies,1,18:45:00
831,winndixie,IMG_9996.txt,2025-11-26,Edwards Pies,1,18:45:00
832,winndixie,IMG_9996.txt,2025-11-26,Danimals Smoothie,1,18:45:00
833,winndixie,IMG_9996.txt,2025-11-26,Jonny Cat Liners,1,18:45:00
834,winndixie,IMG_9996.txt,2025-11-26,Pam Cooking Spray,2,18:45:00
835,winndixie,IMG_9996.txt,2025-11-26,kgl Peanuts,1,18:45:00
836,winndixie,IMG_9996.txt,2025-11-26,Kraft Cheese,2,18:45:00
837,winndixie,IMG_9996.txt,2025-11-26,Armour Crunchers,1,18:45:00
838,winndixie,IMG_9996.txt,2025-11-26,Yellow Corn,4,18:45:00
839,winndixie,IMG_9996.txt,2025-11-26,SEG Sandwich Bread,1,18:45:00
840,winndixie,IMG_9996.txt,2025-11-26,SEG Soup Stock,1,18:45:00
841,winndixie,IMG_9996.txt,2025-11-26,kgl Corn,1,18:45:00
842,winndixie,IMG_9996.txt,2025-11-26,HS Regular Bacon,1,18:45:00
843,winndixie,IMG_9996.txt,2025-11-26,SEG Sour Cream,1,18:45:00
844,winndixie,IMG_9996.txt,2025-11-26,SEG STHR HMST STIK,1,18:45:00
845,winndixie,IMG_9996.txt,2025-11-26,SE Grocers Pasta,1,18:45:00
846,winndixie,IMG_9996.txt,2025-11-26,Sparkling Ice Wtr,1,18:45:00
847,winndixie,IMG_9996.txt,2025-11-26,Sparkling Ice Wtr,2,18:45:00
848,winndixie,IMG_9996.txt,2025-11-26,Sparkling Ice Wtr,1,18:45:00
849,winndixie,IMG_9996.txt,2025-11-26,Monster Energy,1,18:45:00
850,winndixie,IMG_9996.txt,2025-11-26,wr Jumbo Yellow Onion,1,18:45:00
851,winndixie,IMG_9996.txt,2025-11-26,Celery,2,18:45:00
852,winndixie,IMG_9996.txt,2025-11-26,Wr Russet Potato,1,18:45:00
853,winndixie,IMG_9996.txt,2025-11-26,Libby's Peas,1,18:45:00
854,winndixie,IMG_9996.txt,2025-11-26,Mini Carnation,2,18:45:00
855,winndixie,IMG_9996.txt,2025-11-26,12COOKIECAKE,1,18:45:00
856,winndixie,11-29-2025.txt,2025-11-29,Coca Cola Cola,2,19:28:00
857,winndixie,11-29-2025.txt,2025-11-29,Egglands Best Eggs,1,19:28:00
858,winndixie,11-29-2025.txt,2025-11-29,Peter Pan Pnt Bttr,1,19:28:00
859,winndixie,11-29-2025.txt,2025-11-29,Crystal Light Mix,2,19:28:00
860,winndixie,11-30-2025.txt,2025-11-30,Gatorade Beverage,1,20:02:00
861,winndixie,11-30-2025.txt,2025-11-30,SEG Sandwich Bread,1,20:02:00
862,winndixie,11-30-2025.txt,2025-11-30,SE Grocers Pizza,1,20:02:00
863,winndixie,12-04-2025.txt,2025-12-04,A&H FRSH BOOST,2,16:24:00
864,winndixie,12-04-2025.txt,2025-12-04,Mission Tortillas,1,16:24:00
865,winndixie,12-04-2025.txt,2025-12-04,BB MINI SWIRL CONE,1,16:24:00
866,winndixie,12-04-2025.txt,2025-12-04,Gatorade Beverage,1,16:24:00
867,winndixie,12-04-2025.txt,2025-12-04,Ground Beef Rnd,1,16:24:00
868,winndixie,12-04-2025.txt,2025-12-04,know & love Cheese,2,16:24:00
869,winndixie,12-04-2025.txt,2025-12-04,Zatarain's Mix,1,16:24:00
870,winndixie,12-04-2025.txt,2025-12-04,Crystal Light Mix,1,16:24:00
871,winndixie,12-04-2025.txt,2025-12-04,D&W Turkey,1,16:24:00
872,winndixie,12-04-2025.txt,2025-12-04,Chisesi Ham,1,16:24:00
873,winndixie,12-04-2025.txt,2025-12-04,MC Taco Seasoning,1,16:24:00
874,winndixie,12-04-2025.txt,2025-12-04,Kraft Mac & Cheese,1,16:24:00
875,winndixie,12-04-2025.txt,2025-12-04,Manda Sausage,1,16:24:00
876,winndixie,12-04-2025.txt,2025-12-04,Armour Lunchmakers,1,16:24:00
877,winndixie,12-04-2025.txt,2025-12-04,Armour Crunchers,1,16:24:00
878,winndixie,12-04-2025.txt,2025-12-04,Coca Cola Cola,2,16:24:00
879,winndixie,12-04-2025.txt,2025-12-04,Fanta Soda,1,16:24:00
880,winndixie,12-04-2025.txt,2025-12-04,Fanta Soda,1,16:24:00
881,winndixie,12-04-2025.txt,2025-12-04,Maruchan Ramen Sup,1,16:24:00
882,winndixie,12-04-2025.txt,2025-12-04,Chef Boyardee Psta,1,16:24:00
883,winndixie,12-04-2025.txt,2025-12-04,SEG STHRN HMSTYLE,1,16:24:00
884,winndixie,12-04-2025.txt,2025-12-04,SE Grocers Olives,1,16:24:00
885,winndixie,12-04-2025.txt,2025-12-04,SEG Sour Cream,1,16:24:00
886,winndixie,12-04-2025.txt,2025-12-04,kgl Corn,1,16:24:00
887,winndixie,12-04-2025.txt,2025-12-04,Cascade Lemon 9Ct,1,16:24:00
888,winndixie,12-04-2025.txt,2025-12-04,SEG Sandwich Bread,1,16:24:00
889,winndixie,12-06-2025-2.txt,2025-12-06,KELLOGG RAISIN BRA,1,22:09:00
890,winndixie,12-06-2025-2.txt,2025-12-06,kél Milk,1,22:09:00
891,winndixie,12-06-2025.txt,2025-12-06,Hugbi Pies,2,22:09:00
892,winndixie,12-06-2025.txt,2025-12-06,Bunny Bread,1,22:09:00
893,winndixie,12-07-2025.txt,2025-12-07,Ground Beef,1,18:58:00
894,winndixie,12-07-2025.txt,2025-12-07,FBRZ AIR OCEAN,1,18:58:00
895,winndixie,12-07-2025.txt,2025-12-07,SEG BOIL-N-BAG,1,18:58:00
896,winndixie,12-07-2025.txt,2025-12-07,SEG Crm Chs Spread,1,18:58:00
897,winndixie,12-07-2025.txt,2025-12-07,know & love Cheese,1,18:58:00
898,winndixie,12-07-2025.txt,2025-12-07,SEG Pasta,1,18:58:00
899,winndixie,12-07-2025.txt,2025-12-07,know & love Cheese,1,18:58:00
900,winndixie,12-07-2025.txt,2025-12-07,Rosina Meatballs,2,18:58:00
901,winndixie,12-07-2025.txt,2025-12-07,WHT THNS SNDRD TMT,1,18:58:00
902,winndixie,12-07-2025.txt,2025-12-07,SE Grocers Pasta,1,18:58:00
903,winndixie,12-07-2025.txt,2025-12-07,kgl Kidney Beans,1,18:58:00
904,winndixie,12-07-2025.txt,2025-12-07,. Blue Runner Beans,3,18:58:00
905,winndixie,12-07-2025.txt,2025-12-07,k&l Ricotta Cheese,1,18:58:00
906,winndixie,12-07-2025.txt,2025-12-07,SE Grocers Soup,2,18:58:00
907,winndixie,12-07-2025.txt,2025-12-07,k&l Pasta Sauce,2,18:58:00
908,winndixie,12-07-2025.txt,2025-12-07,Gatorade Beverage,1,18:58:00
909,winndixie,12-12-2025.txt,2025-12-12,Cupcakes 6ct,1,20:42:00
910,winndixie,12-12-2025.txt,2025-12-12,Smucker's Jelly,1,20:42:00
911,winndixie,12-12-2025.txt,2025-12-12,Dewafelbakkr Pncks,1,20:42:00
912,winndixie,12-12-2025.txt,2025-12-12,Peter Pan Pnt Bttr,1,20:42:00
913,winndixie,12-12-2025.txt,2025-12-12,Bunny Bread,1,20:42:00
914,winndixie,12-12-2025.txt,2025-12-12,Gatorade Beverage,1,20:42:00
915,winndixie,12-12-2025.txt,2025-12-12,k&l Milk,1,20:42:00
916,winndixie,12-12-2025.txt,2025-12-12,Little Hug Drink,1,20:42:00
917,winndixie,12-12-2025.txt,2025-12-12,SEG Sprklng Water,2,20:42:00
918,winndixie,12-12-2025.txt,2025-12-12,Kleinpeter Milk,1,20:42:00
919,winndixie,12-12-2025.txt,2025-12-12,DR PEPPER 12PK,1,20:42:00
920,winndixie,12-12-2025.txt,2025-12-12,CocaCola Soda,5,20:42:00
921,winndixie,12-21-2025.txt,2025-12-21,DR PEPPER 12PK,1,22:22:00
922,winndixie,12-21-2025.txt,2025-12-21,Fanta Soda,1,22:22:00
923,winndixie,12-21-2025.txt,2025-12-21,Hugbi Pies,1,22:22:00
924,winndixie,12-21-2025.txt,2025-12-21,. Lunchables Snack,3,22:22:00
925,winndixie,12-21-2025.txt,2025-12-21,Smucker's Spread,1,22:22:00
926,winndixie,12-21-2025.txt,2025-12-21,Peter Pan Pnt Bttr,1,22:22:00
927,winndixie,12-21-2025.txt,2025-12-21,Coca Cola Cola,1,22:22:00
928,winndixie,12-21-2025.txt,2025-12-21,OM BASICS TURKEY-A,1,22:22:00
929,winndixie,12-22-2025.txt,2025-12-22,Coffee Mate Creamr,1,17:57:00
930,winndixie,12-22-2025.txt,2025-12-22,Kraft Mac & Cheese,1,17:57:00
931,winndixie,12-22-2025.txt,2025-12-22,LITTLE DEBBIE CAKE,1,17:57:00
932,winndixie,12-22-2025.txt,2025-12-22,SE Grocers Cheese,1,17:57:00
933,winndixie,12-22-2025.txt,2025-12-22,Sparkling Ice Wtr,1,17:57:00
934,winndixie,12-22-2025.txt,2025-12-22,Sparkling Ice Wtr,1,17:57:00
935,winndixie,12-22-2025.txt,2025-12-22,Wildflower Ham,1,17:57:00
936,winndixie,12-22-2025.txt,2025-12-22,Chicken Cutlets,1,17:57:00
937,winndixie,12-22-2025.txt,2025-12-22,Bnls Pork Stew,1,17:57:00
938,winndixie,12-24-2025-2.txt,2025-12-24,BC Sprinkles,1,15:29:00
939,winndixie,12-24-2025-2.txt,2025-12-24,BC Icing,1,15:29:00
940,winndixie,12-24-2025-2.txt,2025-12-24,BC Icing,1,15:29:00
941,winndixie,12-24-2025-2.txt,2025-12-24,BC Cookie Mix,1,15:29:00
942,winndixie,12-24-2025-2.txt,2025-12-24,SEG Hamburger Buns,1,15:29:00
943,winndixie,12-24-2025-2.txt,2025-12-24,Bunny Bread,1,15:29:00
944,winndixie,12-24-2025-2.txt,2025-12-24,k&l Pasta Sauce,1,15:29:00
945,winndixie,12-24-2025-2.txt,2025-12-24,k&l Milk,1,15:29:00
946,winndixie,12-24-2025-2.txt,2025-12-24,Pillsbury Biscuits,1,15:29:00
947,winndixie,12-24-2025-2.txt,2025-12-24,93% Ground Beef,1,15:29:00
948,winndixie,12-24-2025-2.txt,2025-12-24,Pork Shoulder,1,15:29:00
949,winndixie,12-24-2025-2.txt,2025-12-24,Pork Shoulder,1,15:29:00
950,winndixie,12-24-2025.txt,2025-12-24,Whole Carrots,1,15:29:00
951,winndixie,12-24-2025.txt,2025-12-24,SEG 100% Juice,1,15:29:00
952,winndixie,12-24-2025.txt,2025-12-24,Rght Grd Ddrnt,1,15:29:00
953,winndixie,12-24-2025.txt,2025-12-24,VITAL ORG DOZEN,1,15:29:00
954,winndixie,12-24-2025.txt,2025-12-24,Lotus Cookie Buttr,1,15:29:00
955,winndixie,12-17-2025.txt,2025-12-17,Bomb Pop Popsicles,1,20:03:00
956,winndixie,12-17-2025.txt,2025-12-17,EB Eggs,1,20:03:00
957,winndixie,12-17-2025.txt,2025-12-17,Mission Tortillas,1,20:03:00
958,winndixie,12-17-2025.txt,2025-12-17,KELLOGG RAISN BRAN,2,20:03:00
959,winndixie,12-20-2025.txt,2025-12-20,Hugbi Pies,2,22:06:00
960,winndixie,12-20-2025.txt,2025-12-20,Pearl Millng Syrup,1,22:06:00
961,winndixie,12-20-2025.txt,2025-12-20,k&l Milk,1,22:06:00
962,winndixie,12-20-2025.txt,2025-12-20,Bunny Bread,1,22:06:00
