source,manager,cashier,item,qty,reg,youPay,reportedItemsSold,qtyMatchReported,dateTime,discount,totalDiscountPerTrip,totalTripSpend
20251106_024513000_iOS.txt,PAUL,STEPHEN,k&l Canned Beans,1,1.39,0.99,4,True,2025-11-05 17:59:00,0.3999999999999999,0.8999999999999999,12.16
20251106_024513000_iOS.txt,PAUL,STEPHEN,Blue Runner Beans,1,3.79,3.79,4,True,2025-11-05 17:59:00,0.0,0.8999999999999999,12.16
20251106_024513000_iOS.txt,PAUL,STEPHEN,Manda Sausage,1,5.69,5.19,4,True,2025-11-05 17:59:00,0.5,0.8999999999999999,12.16
20251106_024513000_iOS.txt,PAUL,STEPHEN,SEG BOIL-N-BAG,1,2.19,2.19,4,True,2025-11-05 17:59:00,0.0,0.8999999999999999,12.16
20251106_024527000_iOS.txt,PAUL,ACM LANE_73,Hugbi Pies,2,5.38,5.38,18,True,2025-11-04 14:00:00,0.0,52.010000000000005,102.75999999999999
20251106_024527000_iOS.txt,PAUL,ACM LANE_73,know & love Cheese,1,3.19,3.19,18,True,2025-11-04 14:00:00,0.0,52.010000000000005,102.75999999999999
20251106_024527000_iOS.txt,PAUL,ACM LANE_73,Chicken Thighs,1,15.14,11.13,18,True,2025-11-04 14:00:00,4.01,52.010000000000005,102.75999999999999
20251106_024527000_iOS.txt,PAUL,ACM LANE_73,Dewafelbakkr Pncks,1,4.29,4.29,18,True,2025-11-04 14:00:00,0.0,52.010000000000005,102.75999999999999
20251106_024527000_iOS.txt,PAUL,ACM LANE_73,Fanta Soda,1,9.99,5.99,18,True,2025-11-04 14:00:00,4.0,52.010000000000005,102.75999999999999
20251106_024527000_iOS.txt,PAUL,ACM LANE_73,DR PEPPER 12PK,1,9.99,5.99,18,True,2025-11-04 14:00:00,4.0,52.010000000000005,102.75999999999999
20251106_024527000_iOS.txt,PAUL,ACM LANE_73,CocaCola Soda,10,99.9,59.9,18,True,2025-11-04 14:00:00,40.00000000000001,52.010000000000005,102.75999999999999
20251106_024527000_iOS.txt,PAUL,ACM LANE_73,Kleinpeter Milk,1,6.89,6.89,18,True,2025-11-04 14:00:00,0.0,52.010000000000005,102.75999999999999
20251106_024543000_iOS.txt,PAUL,ACM LANE_74,Fritos Dip,1,3.79,3.79,6,True,2025-10-30 20:45:00,0.0,3.69,15.35
20251106_024543000_iOS.txt,PAUL,ACM LANE_74,Quaker Rice Crisps,1,3.69,3.69,6,True,2025-10-30 20:45:00,0.0,3.69,15.35
20251106_024543000_iOS.txt,PAUL,ACM LANE_74,Essentials Cookies,1,2.19,2.19,6,True,2025-10-30 20:45:00,0.0,3.69,15.35
20251106_024543000_iOS.txt,PAUL,ACM LANE_74,Campbell's Soup,1,1.99,1.99,6,True,2025-10-30 20:45:00,0.0,3.69,15.35
20251106_024543000_iOS.txt,PAUL,ACM LANE_74,Mission Chips,2,7.38,3.69,6,True,2025-10-30 20:45:00,3.69,3.69,15.35
20251106_024614000_iOS.txt,PAUL,KIMBERLY,k&l Milk,1,5.29,5.29,2,True,2025-10-27 20:36:00,0.0,0.0,8.58
20251106_024614000_iOS.txt,PAUL,KIMBERLY,SEG Fruit Punch,1,3.29,3.29,2,True,2025-10-27 20:36:00,0.0,0.0,8.58
20251106_024626000_iOS.txt,PAUL,STEPHANIE,Chisesi Ham,1,5.3,4.71,15,False,2025-10-25 11:01:00,0.5899999999999999,11.05,54.81
20251106_024626000_iOS.txt,PAUL,STEPHANIE,SEG Turkey,1,5.84,5.84,15,False,2025-10-25 11:01:00,0.0,11.05,54.81
20251106_024626000_iOS.txt,PAUL,STEPHANIE,k&l Edamame,1,2.79,1.67,15,False,2025-10-25 11:01:00,1.12,11.05,54.81
20251106_024626000_iOS.txt,PAUL,STEPHANIE,k&l Green Beans,1,2.99,1.67,15,False,2025-10-25 11:01:00,1.3200000000000003,11.05,54.81
20251106_024626000_iOS.txt,PAUL,STEPHANIE,k&l Winter Mix,1,2.29,1.66,15,False,2025-10-25 11:01:00,0.6300000000000001,11.05,54.81
20251106_024626000_iOS.txt,PAUL,STEPHANIE,Sow Good Candy,1,5.99,5.99,15,False,2025-10-25 11:01:00,0.0,11.05,54.81
20251106_024626000_iOS.txt,PAUL,STEPHANIE,OM BASICS TURKEY-A,1,2.99,2.99,15,False,2025-10-25 11:01:00,0.0,11.05,54.81
20251106_024626000_iOS.txt,PAUL,STEPHANIE,Blue Bell IceCream,1,9.49,9.49,15,False,2025-10-25 11:01:00,0.0,11.05,54.81
20251106_024626000_iOS.txt,PAUL,STEPHANIE,Fresh Meats,1,8.84,7.07,15,False,2025-10-25 11:01:00,1.7699999999999996,11.05,54.81
20251106_024626000_iOS.txt,PAUL,STEPHANIE,Pillsbury Biscuits,1,2.99,2.99,15,False,2025-10-25 11:01:00,0.0,11.05,54.81
20251106_024626000_iOS.txt,PAUL,STEPHANIE,oTy 2 Banquet Sausage,1,6.38,3.19,15,False,2025-10-25 11:01:00,3.19,11.05,54.81
20251106_024626000_iOS.txt,PAUL,STEPHANIE,k&l Ricotta Cheese,1,3.39,2.5,15,False,2025-10-25 11:01:00,0.8900000000000001,11.05,54.81
20251106_024626000_iOS.txt,PAUL,STEPHANIE,Coffee Mate Creamr,1,4.79,3.79,15,False,2025-10-25 11:01:00,1.0,11.05,54.81
20251106_024626000_iOS.txt,PAUL,STEPHANIE,SE Grocers Pasta,1,1.79,1.25,15,False,2025-10-25 11:01:00,0.54,11.05,54.81
20251106_024720000_iOS.txt,PAUL,ACM LANE _091,Pearl Millng Syrup,1,4.79,4.79,7,True,2025-10-24 22:35:00,0.0,9.400000000000002,51.03
20251106_024720000_iOS.txt,PAUL,ACM LANE _091,GM WFFL TST CRNC,1,5.69,5.69,7,True,2025-10-24 22:35:00,0.0,9.400000000000002,51.03
20251106_024720000_iOS.txt,PAUL,ACM LANE _091,SEG Sandwich Bread,1,2.79,2.49,7,True,2025-10-24 22:35:00,0.2999999999999998,9.400000000000002,51.03
20251106_024720000_iOS.txt,PAUL,ACM LANE _091,Peter Pan Pnt Bttr,1,9.89,8.79,7,True,2025-10-24 22:35:00,1.1000000000000014,9.400000000000002,51.03
20251106_024720000_iOS.txt,PAUL,ACM LANE _091,POWERADE 8PK,1,7.29,7.29,7,True,2025-10-24 22:35:00,0.0,9.400000000000002,51.03
20251106_024720000_iOS.txt,PAUL,ACM LANE _091,Coca Cola Cola,2,29.98,21.98,7,True,2025-10-24 22:35:00,8.0,9.400000000000002,51.03
20251106_024735000_iOS.txt,PAUL,SUSAN,Quaker Rice Crisps,1,3.69,3.69,11,True,2025-10-23 13:11:00,0.0,15.93,43.66
20251106_024735000_iOS.txt,PAUL,SUSAN,SB TRPL SHOT RICH,1,3.99,3.0,11,True,2025-10-23 13:11:00,0.9900000000000002,15.93,43.66
20251106_024735000_iOS.txt,PAUL,SUSAN,Cheez-It Crackers,2,10.58,6.0,11,True,2025-10-23 13:11:00,4.58,15.93,43.66
20251106_024735000_iOS.txt,PAUL,SUSAN,Sparkling Ice Wtr,1,1.59,1.25,11,True,2025-10-23 13:11:00,0.3400000000000001,15.93,43.66
20251106_024735000_iOS.txt,PAUL,SUSAN,Sparkling Ice Wtr,1,1.59,1.25,11,True,2025-10-23 13:11:00,0.3400000000000001,15.93,43.66
20251106_024735000_iOS.txt,PAUL,SUSAN,Sparkling Ice Wtr,1,1.59,1.25,11,True,2025-10-23 13:11:00,0.3400000000000001,15.93,43.66
20251106_024735000_iOS.txt,PAUL,SUSAN,Sparkling Ice Wtr,1,1.59,1.25,11,True,2025-10-23 13:11:00,0.3400000000000001,15.93,43.66
20251106_024735000_iOS.txt,PAUL,SUSAN,Dr. Pepper Soda,1,14.99,10.99,11,True,2025-10-23 13:11:00,4.0,15.93,43.66
20251106_024735000_iOS.txt,PAUL,SUSAN,Fanta Soda,1,9.99,4.99,11,True,2025-10-23 13:11:00,5.0,15.93,43.66
20251106_024735000_iOS.txt,PAUL,SUSAN,Fanta Soda,1,9.99,9.99,11,True,2025-10-23 13:11:00,0.0,15.93,43.66
20251106_024806000_iOS.txt,PAUL,EMILY,LITTLE DEBBIE FOOT,1,3.19,3.0,18,False,2025-10-21 18:05:00,0.18999999999999995,8.48,51.55
20251106_024806000_iOS.txt,PAUL,EMILY,D&W Turkey,1,6.37,6.37,18,False,2025-10-21 18:05:00,0.0,8.48,51.55
20251106_024806000_iOS.txt,PAUL,EMILY,Annie Chun's Bowl,1,4.69,2.99,18,False,2025-10-21 18:05:00,1.7000000000000002,8.48,51.55
20251106_024806000_iOS.txt,PAUL,EMILY,Kraft Mac & Cheese,1,1.99,1.25,18,False,2025-10-21 18:05:00,0.74,8.48,51.55
20251106_024806000_iOS.txt,PAUL,EMILY,HC Cafe Steamers,1,3.79,2.0,18,False,2025-10-21 18:05:00,1.79,8.48,51.55
20251106_024806000_iOS.txt,PAUL,EMILY,SEG Bagel Bites,1,2.79,2.79,18,False,2025-10-21 18:05:00,0.0,8.48,51.55
20251106_024806000_iOS.txt,PAUL,EMILY,HC Cafe Steamers,1,3.79,2.0,18,False,2025-10-21 18:05:00,1.79,8.48,51.55
20251106_024806000_iOS.txt,PAUL,EMILY,Slim Jim Jerky,1,1.79,1.0,18,False,2025-10-21 18:05:00,0.79,8.48,51.55
20251106_024806000_iOS.txt,PAUL,EMILY,SEG Alfredo Sauce,1,3.29,2.5,18,False,2025-10-21 18:05:00,0.79,8.48,51.55
20251106_024806000_iOS.txt,PAUL,EMILY,k&l Pasta Sauce,1,1.99,1.99,18,False,2025-10-21 18:05:00,0.0,8.48,51.55
20251106_024806000_iOS.txt,PAUL,EMILY,Smucker's Spread,1,3.99,3.99,18,False,2025-10-21 18:05:00,0.0,8.48,51.55
20251106_024806000_iOS.txt,PAUL,EMILY,smucker's Jelly,1,3.29,3.29,18,False,2025-10-21 18:05:00,0.0,8.48,51.55
20251106_024806000_iOS.txt,PAUL,EMILY,Lotus Cookie Buttr,1,6.59,6.59,18,False,2025-10-21 18:05:00,0.0,8.48,51.55
20251106_024806000_iOS.txt,PAUL,EMILY,k&l Milk,1,5.29,5.29,18,False,2025-10-21 18:05:00,0.0,8.48,51.55
20251106_024806000_iOS.txt,PAUL,EMILY,SEG Slcd Mushrooms,1,2.69,2.0,18,False,2025-10-21 18:05:00,0.69,8.48,51.55
20251106_024806000_iOS.txt,PAUL,EMILY,QoTY 3 Yellow Corn,1,4.5,4.5,18,False,2025-10-21 18:05:00,0.0,8.48,51.55
20251106_024821000_iOS.txt,PAUL,ACM LANE _091,Cocoa Krispies Crl,1,5.49,5.49,1,True,2025-10-17 21:23:00,0.0,0.0,5.49
20251106_024833000_iOS.txt,PAUL,ACM LANE _091,Peter Pan Pnt Bttr,1,9.89,8.79,3,True,2025-10-17 21:18:00,1.1000000000000014,9.100000000000001,30.77
20251106_024833000_iOS.txt,PAUL,ACM LANE _091,Coca Cola Cola,2,29.98,21.98,3,True,2025-10-17 21:18:00,8.0,9.100000000000001,30.77
20251106_024902000_iOS.txt,PAUL,ACM LANE _091,Coca Cola Cola,2,29.98,21.98,3,True,2025-10-17 21:17:00,8.0,8.0,24.67
20251106_024902000_iOS.txt,PAUL,ACM LANE _091,Hugbi Pies,1,2.69,2.69,3,True,2025-10-17 21:17:00,0.0,8.0,24.67
20251106_024911000_iOS.txt,PAUL,JEREMY,BE SF SLT PEPPR BR,1,3.49,2.5,14,True,2025-10-14 18:08:00,0.9900000000000002,9.77,44.36
20251106_024911000_iOS.txt,PAUL,JEREMY,BE SF WINTER BLEND,1,3.59,2.5,14,True,2025-10-14 18:08:00,1.0899999999999999,9.77,44.36
20251106_024911000_iOS.txt,PAUL,JEREMY,Crab Leg Surimi,1,8.18,6.29,14,True,2025-10-14 18:08:00,1.8899999999999997,9.77,44.36
20251106_024911000_iOS.txt,PAUL,JEREMY,Dole Shred Lettuce,2,6.98,3.49,14,True,2025-10-14 18:08:00,3.49,9.77,44.36
20251106_024911000_iOS.txt,PAUL,JEREMY,SEG Seasoning Mix,1,0.99,0.99,14,True,2025-10-14 18:08:00,0.0,9.77,44.36
20251106_024911000_iOS.txt,PAUL,JEREMY,SEG Bagel Bites,1,2.79,2.79,14,True,2025-10-14 18:08:00,0.0,9.77,44.36
20251106_024911000_iOS.txt,PAUL,JEREMY,k&l Sweet Peas,1,1.39,1.19,14,True,2025-10-14 18:08:00,0.19999999999999996,9.77,44.36
20251106_024911000_iOS.txt,PAUL,JEREMY,k&l Corn,1,1.19,0.89,14,True,2025-10-14 18:08:00,0.29999999999999993,9.77,44.36
20251106_024911000_iOS.txt,PAUL,JEREMY,Kraft Mac & Cheese,1,1.99,1.25,14,True,2025-10-14 18:08:00,0.74,9.77,44.36
20251106_024911000_iOS.txt,PAUL,JEREMY,wr Jumbo Sweet Onions,1,0.86,0.86,14,True,2025-10-14 18:08:00,0.0,9.77,44.36
20251106_024911000_iOS.txt,PAUL,JEREMY,SEG Turkey,1,5.89,5.89,14,True,2025-10-14 18:08:00,0.0,9.77,44.36
20251106_024911000_iOS.txt,PAUL,JEREMY,Fresh Meats,1,7.56,7.26,14,True,2025-10-14 18:08:00,0.2999999999999998,9.77,44.36
20251106_024911000_iOS.txt,PAUL,JEREMY,Top Round Steak,1,9.23,8.46,14,True,2025-10-14 18:08:00,0.7699999999999996,9.77,44.36
20251106_024929000_iOS.txt,PAUL,ACM LANE _091,Kleinpeter Milk,1,6.89,6.89,5,True,2025-10-14 16:06:00,0.0,0.7999999999999998,31.05
20251106_024929000_iOS.txt,PAUL,ACM LANE _091,Coca Cola,1,2.89,2.89,5,True,2025-10-14 16:06:00,0.0,0.7999999999999998,31.05
20251106_024929000_iOS.txt,PAUL,ACM LANE _091,Dewafelbakkr Pncks,1,4.29,3.79,5,True,2025-10-14 16:06:00,0.5,0.7999999999999998,31.05
20251106_024929000_iOS.txt,PAUL,ACM LANE _091,SE Grocers Bread,1,2.79,2.49,5,True,2025-10-14 16:06:00,0.2999999999999998,0.7999999999999998,31.05
20251106_024929000_iOS.txt,PAUL,ACM LANE _091,Coca Cola Cola,1,14.99,14.99,5,True,2025-10-14 16:06:00,0.0,0.7999999999999998,31.05
20251106_025003000_iOS.txt,PAUL,ACM LANE _092,Coca Cola Cola,1,14.99,13.99,1,True,2025-10-08 20:50:00,1.0,1.0,13.99
20251106_025022000_iOS.txt,PAUL,JEREMY,SEG Parchment Ppr,1,2.99,2.49,1,True,2025-10-07 18:06:00,0.5,0.5,2.49
20251106_025033000_iOS.txt,PAUL,JEREMY,Prairie Farm Milk,1,2.39,2.39,10,True,2025-10-07 18:05:00,0.0,5.7700000000000005,36.660000000000004
20251106_025033000_iOS.txt,PAUL,JEREMY,k&l Milk,1,5.29,5.29,10,True,2025-10-07 18:05:00,0.0,5.7700000000000005,36.660000000000004
20251106_025033000_iOS.txt,PAUL,JEREMY,Cauliflower,1,3.99,3.99,10,True,2025-10-07 18:05:00,0.0,5.7700000000000005,36.660000000000004
20251106_025033000_iOS.txt,PAUL,JEREMY,SEG Sour Cream,1,1.49,1.49,10,True,2025-10-07 18:05:00,0.0,5.7700000000000005,36.660000000000004
20251106_025033000_iOS.txt,PAUL,JEREMY,Sliced Strwberries,1,2.0,2.0,10,True,2025-10-07 18:05:00,0.0,5.7700000000000005,36.660000000000004
20251106_025033000_iOS.txt,PAUL,JEREMY,McCormick Seasonng,1,3.49,2.79,10,True,2025-10-07 18:05:00,0.7000000000000002,5.7700000000000005,36.660000000000004
20251106_025033000_iOS.txt,PAUL,JEREMY,LITTLE DEBBIE FOOT,1,3.19,3.0,10,True,2025-10-07 18:05:00,0.18999999999999995,5.7700000000000005,36.660000000000004
20251106_025033000_iOS.txt,PAUL,JEREMY,know & love Cheese,1,3.19,2.5,10,True,2025-10-07 18:05:00,0.69,5.7700000000000005,36.660000000000004
20251106_025033000_iOS.txt,PAUL,JEREMY,Chuck Steak,1,5.66,5.39,10,True,2025-10-07 18:05:00,0.27000000000000046,5.7700000000000005,36.660000000000004
20251106_025033000_iOS.txt,PAUL,JEREMY,NB Chicken Thighs,1,11.74,7.82,10,True,2025-10-07 18:05:00,3.92,5.7700000000000005,36.660000000000004
20251106_025041000_iOS.txt,PAUL,EMILY,Fanta Soda,1,9.99,5.99,16,True,2025-10-03 18:41:00,4.0,31.79,68.26
20251106_025041000_iOS.txt,PAUL,EMILY,Fanta Soda,1,9.99,5.99,16,True,2025-10-03 18:41:00,4.0,31.79,68.26
20251106_025041000_iOS.txt,PAUL,EMILY,CocaCola Soda,1,9.99,5.99,16,True,2025-10-03 18:41:00,4.0,31.79,68.26
20251106_025041000_iOS.txt,PAUL,EMILY,SE Grocers Foil,1,2.89,2.89,16,True,2025-10-03 18:41:00,0.0,31.79,68.26
20251106_025041000_iOS.txt,PAUL,EMILY,SE Grocers Pasta,1,1.79,1.0,16,True,2025-10-03 18:41:00,0.79,31.79,68.26
20251106_025041000_iOS.txt,PAUL,EMILY,k&l Pasta Sauce,1,1.99,1.99,16,True,2025-10-03 18:41:00,0.0,31.79,68.26
20251106_025041000_iOS.txt,PAUL,EMILY,SpaghettiOs Pasta,1,1.69,1.69,16,True,2025-10-03 18:41:00,0.0,31.79,68.26
20251106_025041000_iOS.txt,PAUL,EMILY,Nutella Snack Pack,1,8.29,5.99,16,True,2025-10-03 18:41:00,2.299999999999999,31.79,68.26
20251106_025041000_iOS.txt,PAUL,EMILY,D&W Cheese,1,6.65,6.65,16,True,2025-10-03 18:41:00,0.0,31.79,68.26
20251106_025041000_iOS.txt,PAUL,EMILY,D&W Turkey,1,13.25,7.13,16,True,2025-10-03 18:41:00,6.12,31.79,68.26
20251106_025041000_iOS.txt,PAUL,EMILY,Pork Shoulder,1,9.35,9.35,16,True,2025-10-03 18:41:00,0.0,31.79,68.26
20251106_025041000_iOS.txt,PAUL,EMILY,Pork Shoulder,1,8.57,0.0,16,True,2025-10-03 18:41:00,8.57,31.79,68.26
20251106_025041000_iOS.txt,PAUL,EMILY,SE Grocers Bread,1,2.79,2.49,16,True,2025-10-03 18:41:00,0.2999999999999998,31.79,68.26
20251106_025041000_iOS.txt,PAUL,EMILY,Cilantro,1,0.99,0.99,16,True,2025-10-03 18:41:00,0.0,31.79,68.26
20251106_025041000_iOS.txt,PAUL,EMILY,wr Asparagus,1,4.54,3.63,16,True,2025-10-03 18:41:00,0.9100000000000001,31.79,68.26
20251106_025041000_iOS.txt,PAUL,EMILY,Peter Pan Crnch Pe,1,7.29,6.49,16,True,2025-10-03 18:41:00,0.7999999999999998,31.79,68.26
20251106_025050000_iOS.txt,PAUL,ACM LANE_74,SEG Ice Cream,1,4.99,3.99,3,True,2025-09-30 19:56:00,1.0,1.0,12.17
20251106_025050000_iOS.txt,PAUL,ACM LANE_74,k&l Sugar,1,2.89,2.89,3,True,2025-09-30 19:56:00,0.0,1.0,12.17
20251106_025050000_iOS.txt,PAUL,ACM LANE_74,k&l Milk,1,5.29,5.29,3,True,2025-09-30 19:56:00,0.0,1.0,12.17
20251106_025148000_iOS.txt,PAUL,ACM LANE _091,Coca Cola Cola,2,29.98,21.98,2,True,2025-09-24 20:09:00,8.0,16.0,43.96
20251106_025204000_iOS.txt,PAUL,ACM LANE _091,Coca Cola Cola,2,29.98,21.98,2,True,2025-09-24 20:09:00,8.0,16.0,43.96
20251106_025405000_iOS.txt,PAUL,JEREMY,Dr. Pepper 12pk,1,9.99,5.99,19,True,2025-09-08 17:47:00,4.0,19.71,68.91
20251106_025405000_iOS.txt,PAUL,JEREMY,Minute Maid Lmnade,1,9.99,5.99,19,True,2025-09-08 17:47:00,4.0,19.71,68.91
20251106_025405000_iOS.txt,PAUL,JEREMY,Fanta Soda,1,9.99,5.99,19,True,2025-09-08 17:47:00,4.0,19.71,68.91
20251106_025405000_iOS.txt,PAUL,JEREMY,SEG Turkey,1,6.24,6.24,19,True,2025-09-08 17:47:00,0.0,19.71,68.91
20251106_025405000_iOS.txt,PAUL,JEREMY,D&W Cheese,1,4.29,4.29,19,True,2025-09-08 17:47:00,0.0,19.71,68.91
20251106_025405000_iOS.txt,PAUL,JEREMY,k&l Edamame,1,2.79,1.67,19,True,2025-09-08 17:47:00,1.12,19.71,68.91
20251106_025405000_iOS.txt,PAUL,JEREMY,SE Grocers Cheese,2,6.98,5.0,19,True,2025-09-08 17:47:00,1.9800000000000004,19.71,68.91
20251106_025405000_iOS.txt,PAUL,JEREMY,HC Cafe Steamers,1,3.79,2.99,19,True,2025-09-08 17:47:00,0.7999999999999998,19.71,68.91
20251106_025405000_iOS.txt,PAUL,JEREMY,Dewafelbakkr Pncks,1,4.29,4.29,19,True,2025-09-08 17:47:00,0.0,19.71,68.91
20251106_025405000_iOS.txt,PAUL,JEREMY,SpaghettiOs Pasta,1,1.69,1.69,19,True,2025-09-08 17:47:00,0.0,19.71,68.91
20251106_025405000_iOS.txt,PAUL,JEREMY,SE Grocers Broth,1,1.59,1.59,19,True,2025-09-08 17:47:00,0.0,19.71,68.91
20251106_025405000_iOS.txt,PAUL,JEREMY,Sparkling Ice Wtr,1,1.29,1.0,19,True,2025-09-08 17:47:00,0.29000000000000004,19.71,68.91
20251106_025405000_iOS.txt,PAUL,JEREMY,Andes Snap Bar,1,1.99,1.99,19,True,2025-09-08 17:47:00,0.0,19.71,68.91
20251106_025405000_iOS.txt,PAUL,JEREMY,Lght 'n Flffy Ndle,1,2.99,2.99,19,True,2025-09-08 17:47:00,0.0,19.71,68.91
20251106_025405000_iOS.txt,PAUL,JEREMY,Kool Aid Drinks,1,2.49,2.49,19,True,2025-09-08 17:47:00,0.0,19.71,68.91
20251106_025405000_iOS.txt,PAUL,JEREMY,USDA Chce Stw Meat,1,9.65,6.43,19,True,2025-09-08 17:47:00,3.2200000000000006,19.71,68.91
20251106_025405000_iOS.txt,PAUL,JEREMY,SE Grocers Bread,1,2.79,2.49,19,True,2025-09-08 17:47:00,0.2999999999999998,19.71,68.91
20251106_025405000_iOS.txt,PAUL,JEREMY,Eggland's Best Egg,1,5.79,5.79,19,True,2025-09-08 17:47:00,0.0,19.71,68.91
20251106_025426000_iOS.txt,PAUL,AMY,Romaine Hearts,1,4.79,4.79,7,True,2025-09-06 19:41:00,0.0,0.2899999999999999,14.95
20251106_025426000_iOS.txt,PAUL,AMY,M&M's Candies,1,1.99,1.99,7,True,2025-09-06 19:41:00,0.0,0.2899999999999999,14.95
20251106_025426000_iOS.txt,PAUL,AMY,Mentos Mint,1,1.69,1.5,7,True,2025-09-06 19:41:00,0.18999999999999995,0.2899999999999999,14.95
20251106_025426000_iOS.txt,PAUL,AMY,Green Bell Pepper,1,0.99,0.89,7,True,2025-09-06 19:41:00,0.09999999999999998,0.2899999999999999,14.95
20251106_025426000_iOS.txt,PAUL,AMY,Produce Cucumbers,1,0.99,0.99,7,True,2025-09-06 19:41:00,0.0,0.2899999999999999,14.95
20251106_025426000_iOS.txt,PAUL,AMY,Reese's Candy,1,1.79,1.79,7,True,2025-09-06 19:41:00,0.0,0.2899999999999999,14.95
20251106_025426000_iOS.txt,PAUL,AMY,Mix Melon Chunks,1,3.0,3.0,7,True,2025-09-06 19:41:00,0.0,0.2899999999999999,14.95
20251106_025436000_iOS.txt,PAUL,ACM LANE _091,cc Oil Spread,1,7.99,7.99,7,True,2025-09-04 21:09:00,0.0,0.0,34.93
20251106_025436000_iOS.txt,PAUL,ACM LANE _091,Pearl Millng Syrup,1,4.79,4.79,7,True,2025-09-04 21:09:00,0.0,0.0,34.93
20251106_025436000_iOS.txt,PAUL,ACM LANE _091,AXE BERGAMOT BODY,1,8.29,8.29,7,True,2025-09-04 21:09:00,0.0,0.0,34.93
20251106_025436000_iOS.txt,PAUL,ACM LANE _091,Good2Grow 100% Jce,1,3.59,3.59,7,True,2025-09-04 21:09:00,0.0,0.0,34.93
20251106_025436000_iOS.txt,PAUL,ACM LANE _091,Lipton Soup Mix,2,4.98,4.98,7,True,2025-09-04 21:09:00,0.0,0.0,34.93
20251106_025436000_iOS.txt,PAUL,ACM LANE _091,k&l Milk,1,5.29,5.29,7,True,2025-09-04 21:09:00,0.0,0.0,34.93
20251106_025446000_iOS.txt,PAUL,JEREMY,SEG IC Sandwich,1,5.99,3.99,4,True,2025-09-03 18:52:00,2.0,2.3,10.16
20251106_025446000_iOS.txt,PAUL,JEREMY,Success Rice,1,2.79,2.79,4,True,2025-09-03 18:52:00,0.0,2.3,10.16
20251106_025446000_iOS.txt,PAUL,JEREMY,Blue Runner Beans,1,2.39,2.39,4,True,2025-09-03 18:52:00,0.0,2.3,10.16
20251106_025446000_iOS.txt,PAUL,JEREMY,k&l Canned Beans,1,1.29,0.99,4,True,2025-09-03 18:52:00,0.30000000000000004,2.3,10.16
20251106_025454000_iOS.txt,PAUL,ACM LANE _092,Kool Aid Drinks,1,2.49,2.0,3,True,2025-09-02 19:04:00,0.4900000000000002,1.9800000000000004,7.99
20251106_025454000_iOS.txt,PAUL,ACM LANE _092,MILK STRW,1,2.49,2.49,3,True,2025-09-02 19:04:00,0.0,1.9800000000000004,7.99
20251106_025454000_iOS.txt,PAUL,ACM LANE _092,Coffee Mate Creamr,1,4.99,3.5,3,True,2025-09-02 19:04:00,1.4900000000000002,1.9800000000000004,7.99
20251106_025511000_iOS.txt,PAUL,KIMBERLY,Chisesi Ham,1,5.44,5.44,5,True,2025-09-01 16:30:00,0.0,0.25999999999999995,10.23
20251106_025511000_iOS.txt,PAUL,KIMBERLY,Watermelon Slices,1,2.5,2.5,5,True,2025-09-01 16:30:00,0.0,0.25999999999999995,10.23
20251106_025511000_iOS.txt,PAUL,KIMBERLY,Cilantro,1,0.99,0.99,5,True,2025-09-01 16:30:00,0.0,0.25999999999999995,10.23
20251106_025511000_iOS.txt,PAUL,KIMBERLY,Green Bell Pepper,1,0.99,0.89,5,True,2025-09-01 16:30:00,0.09999999999999998,0.25999999999999995,10.23
20251106_025511000_iOS.txt,PAUL,KIMBERLY,wr Tomatoes,1,0.57,0.41,5,True,2025-09-01 16:30:00,0.15999999999999998,0.25999999999999995,10.23
20251106_025524000_iOS.txt,PAUL,ACM LANE_73,POWERADE 8PK,1,7.19,7.19,7,True,2025-08-31 21:53:00,0.0,8.0,46.730000000000004
20251106_025524000_iOS.txt,PAUL,ACM LANE_73,k&l Milk,1,3.49,3.49,7,True,2025-08-31 21:53:00,0.0,8.0,46.730000000000004
20251106_025524000_iOS.txt,PAUL,ACM LANE_73,Bagel Bites Chs &,1,5.99,5.99,7,True,2025-08-31 21:53:00,0.0,8.0,46.730000000000004
20251106_025524000_iOS.txt,PAUL,ACM LANE_73,Dewafelbakkr Pncks,1,4.29,4.29,7,True,2025-08-31 21:53:00,0.0,8.0,46.730000000000004
20251106_025524000_iOS.txt,PAUL,ACM LANE_73,SEG Breadsticks,1,3.79,3.79,7,True,2025-08-31 21:53:00,0.0,8.0,46.730000000000004
20251106_025524000_iOS.txt,PAUL,ACM LANE_73,Coca Cola Cola,2,29.98,21.98,7,True,2025-08-31 21:53:00,8.0,8.0,46.730000000000004
20251106_025540000_iOS.txt,STEPHEN,DAWN,MR SUSHI SHELF ITEM,1,5.99,5.99,19,False,2025-08-30 12:55:00,0.0,8.27,72.21
20251106_025540000_iOS.txt,STEPHEN,DAWN,wr Apples,1,2.19,2.19,19,False,2025-08-30 12:55:00,0.0,8.27,72.21
20251106_025540000_iOS.txt,STEPHEN,DAWN,Mixed Grapes,1,3.0,3.0,19,False,2025-08-30 12:55:00,0.0,8.27,72.21
20251106_025540000_iOS.txt,STEPHEN,DAWN,Twix Cookie Bars,1,1.99,1.99,19,False,2025-08-30 12:55:00,0.0,8.27,72.21
20251106_025540000_iOS.txt,STEPHEN,DAWN,Hubba Bubba Gum,1,0.99,0.99,19,False,2025-08-30 12:55:00,0.0,8.27,72.21
20251106_025540000_iOS.txt,STEPHEN,DAWN,Nutella Spread,1,2.79,2.79,19,False,2025-08-30 12:55:00,0.0,8.27,72.21
20251106_025540000_iOS.txt,STEPHEN,DAWN,Strbucks Frppccino,1,3.99,3.0,19,False,2025-08-30 12:55:00,0.9900000000000002,8.27,72.21
20251106_025540000_iOS.txt,STEPHEN,DAWN,Armour Meatballs,2,11.98,5.99,19,False,2025-08-30 12:55:00,5.99,8.27,72.21
20251106_025540000_iOS.txt,STEPHEN,DAWN,Folgers Coffee,1,10.49,10.49,19,False,2025-08-30 12:55:00,0.0,8.27,72.21
20251106_025540000_iOS.txt,STEPHEN,DAWN,Nissin SF F Kor ch,1,1.49,1.49,19,False,2025-08-30 12:55:00,0.0,8.27,72.21
20251106_025540000_iOS.txt,STEPHEN,DAWN,Nissin SF Hon Chkn,1,1.49,1.49,19,False,2025-08-30 12:55:00,0.0,8.27,72.21
20251106_025540000_iOS.txt,STEPHEN,DAWN,Blue Runner Beans,1,2.39,2.39,19,False,2025-08-30 12:55:00,0.0,8.27,72.21
20251106_025540000_iOS.txt,STEPHEN,DAWN,k&l Diced Tomatoes,1,1.29,0.99,19,False,2025-08-30 12:55:00,0.30000000000000004,8.27,72.21
20251106_025540000_iOS.txt,STEPHEN,DAWN,Bush's Best Beans,1,2.39,2.39,19,False,2025-08-30 12:55:00,0.0,8.27,72.21
20251106_025540000_iOS.txt,STEPHEN,DAWN,SEG Pasta Sauce,1,1.99,1.69,19,False,2025-08-30 12:55:00,0.30000000000000004,8.27,72.21
20251106_025540000_iOS.txt,STEPHEN,DAWN,4 Star Roast Beef,1,7.97,7.97,19,False,2025-08-30 12:55:00,0.0,8.27,72.21
20251106_025540000_iOS.txt,STEPHEN,DAWN,Chisesi Ham,1,5.12,5.12,19,False,2025-08-30 12:55:00,0.0,8.27,72.21
20251106_025540000_iOS.txt,STEPHEN,DAWN,Sausage,1,6.09,6.09,19,False,2025-08-30 12:55:00,0.0,8.27,72.21
20251106_025540000_iOS.txt,STEPHEN,DAWN,SF Chicken Thighs,1,6.85,6.16,19,False,2025-08-30 12:55:00,0.6899999999999995,8.27,72.21
20251106_025602000_iOS.txt,PAUL,ACM LANE_091,Hugbi Pies,2,5.38,5.38,17,True,2025-08-29 18:06:00,0.0,37.3,107.83
20251106_025602000_iOS.txt,PAUL,ACM LANE_091,SE Grocers Bread,1,2.79,2.49,17,True,2025-08-29 18:06:00,0.2999999999999998,37.3,107.83
20251106_025602000_iOS.txt,PAUL,ACM LANE_091,Cupcakes 6ct,1,4.99,3.99,17,True,2025-08-29 18:06:00,1.0,37.3,107.83
20251106_025602000_iOS.txt,PAUL,ACM LANE_091,Nutella Spread,1,4.89,4.89,17,True,2025-08-29 18:06:00,0.0,37.3,107.83
20251106_025602000_iOS.txt,PAUL,ACM LANE_091,Pwrde Sports Drink,1,7.19,7.19,17,True,2025-08-29 18:06:00,0.0,37.3,107.83
20251106_025602000_iOS.txt,PAUL,ACM LANE_091,Fanta Soda,1,9.99,5.99,17,True,2025-08-29 18:06:00,4.0,37.3,107.83
20251106_025602000_iOS.txt,PAUL,ACM LANE_091,Coca Cola Cola,2,29.98,21.98,17,True,2025-08-29 18:06:00,8.0,37.3,107.83
20251106_025602000_iOS.txt,PAUL,ACM LANE_091,Dr. Pepper Soda,1,14.99,14.99,17,True,2025-08-29 18:06:00,0.0,37.3,107.83
20251106_025602000_iOS.txt,PAUL,ACM LANE_091,CocaCola Soda,6,59.94,35.94,17,True,2025-08-29 18:06:00,24.0,37.3,107.83
20251106_025602000_iOS.txt,PAUL,ACM LANE_091,Tic Tac Mints,1,4.99,4.99,17,True,2025-08-29 18:06:00,0.0,37.3,107.83
20251106_025614000_iOS.txt,PAUL,KIMBERLY,Arm & Hammer Dtgnt,1,11.99,11.99,25,True,2025-08-25 19:11:00,0.0,16.79,90.28
20251106_025614000_iOS.txt,PAUL,KIMBERLY,k&l Milk,1,5.29,5.29,25,True,2025-08-25 19:11:00,0.0,16.79,90.28
20251106_025614000_iOS.txt,PAUL,KIMBERLY,Revlon Hair Color,1,6.99,6.99,25,True,2025-08-25 19:11:00,0.0,16.79,90.28
20251106_025614000_iOS.txt,PAUL,KIMBERLY,SEG FRSHSCT SHEETS,1,2.19,1.5,25,True,2025-08-25 19:11:00,0.69,16.79,90.28
20251106_025614000_iOS.txt,PAUL,KIMBERLY,Dial Bar Soap,1,3.99,3.99,25,True,2025-08-25 19:11:00,0.0,16.79,90.28
20251106_025614000_iOS.txt,PAUL,KIMBERLY,D&W Cheese,1,5.33,5.33,25,True,2025-08-25 19:11:00,0.0,16.79,90.28
20251106_025614000_iOS.txt,PAUL,KIMBERLY,SEG Turkey,1,5.39,3.77,25,True,2025-08-25 19:11:00,1.6199999999999997,16.79,90.28
20251106_025614000_iOS.txt,PAUL,KIMBERLY,SV SHOWER FRESH DE,1,3.79,3.79,25,True,2025-08-25 19:11:00,0.0,16.79,90.28
20251106_025614000_iOS.txt,PAUL,KIMBERLY,Chicken Nuggets,1,8.49,7.99,25,True,2025-08-25 19:11:00,0.5,16.79,90.28
20251106_025614000_iOS.txt,PAUL,KIMBERLY,Chobani Yogurt,1,1.69,1.69,25,True,2025-08-25 19:11:00,0.0,16.79,90.28
20251106_025614000_iOS.txt,PAUL,KIMBERLY,Nutella Spread,1,2.79,2.79,25,True,2025-08-25 19:11:00,0.0,16.79,90.28
20251106_025614000_iOS.txt,PAUL,KIMBERLY,Chobani Yogurt,1,1.69,1.69,25,True,2025-08-25 19:11:00,0.0,16.79,90.28
20251106_025614000_iOS.txt,PAUL,KIMBERLY,Chobani Yogurt,1,1.69,1.69,25,True,2025-08-25 19:11:00,0.0,16.79,90.28
20251106_025614000_iOS.txt,PAUL,KIMBERLY,Slim Jim Jerky,2,3.58,2.0,25,True,2025-08-25 19:11:00,1.58,16.79,90.28
20251106_025614000_iOS.txt,PAUL,KIMBERLY,SE Grocers Bread,1,2.79,2.49,25,True,2025-08-25 19:11:00,0.2999999999999998,16.79,90.28
20251106_025614000_iOS.txt,PAUL,KIMBERLY,know & love Pasta,1,2.79,1.39,25,True,2025-08-25 19:11:00,1.4000000000000001,16.79,90.28
20251106_025614000_iOS.txt,PAUL,KIMBERLY,Deans French Onion,1,2.49,2.49,25,True,2025-08-25 19:11:00,0.0,16.79,90.28
20251106_025614000_iOS.txt,PAUL,KIMBERLY,SBUX ICED ENERGY,1,3.29,3.29,25,True,2025-08-25 19:11:00,0.0,16.79,90.28
20251106_025614000_iOS.txt,PAUL,KIMBERLY,Nissin SF F Kor ch,1,1.49,1.49,25,True,2025-08-25 19:11:00,0.0,16.79,90.28
20251106_025614000_iOS.txt,PAUL,KIMBERLY,k&l Broccoli,1,2.29,1.79,25,True,2025-08-25 19:11:00,0.5,16.79,90.28
20251106_025614000_iOS.txt,PAUL,KIMBERLY,k&l Green Beans,1,2.69,1.79,25,True,2025-08-25 19:11:00,0.8999999999999999,16.79,90.28
20251106_025614000_iOS.txt,PAUL,KIMBERLY,k&l Edamame,1,2.79,1.79,25,True,2025-08-25 19:11:00,1.0,16.79,90.28
20251106_025614000_iOS.txt,PAUL,KIMBERLY,Sabra Hummus,1,4.99,4.99,25,True,2025-08-25 19:11:00,0.0,16.79,90.28
20251106_025614000_iOS.txt,PAUL,KIMBERLY,Bnls Chkn Breasts,1,16.57,8.27,25,True,2025-08-25 19:11:00,8.3,16.79,90.28
20251106_025645000_iOS.txt,PAUL,ACM LANE_73,Tidy Cats Litter,1,10.29,8.99,9,True,2025-08-21 19:18:00,1.299999999999999,5.589999999999999,33.72
20251106_025645000_iOS.txt,PAUL,ACM LANE_73,k&l Milk,1,3.49,3.49,9,True,2025-08-21 19:18:00,0.0,5.589999999999999,33.72
20251106_025645000_iOS.txt,PAUL,ACM LANE_73,Nutella Spread,1,2.79,2.79,9,True,2025-08-21 19:18:00,0.0,5.589999999999999,33.72
20251106_025645000_iOS.txt,PAUL,ACM LANE_73,HC Cafe Steamers,1,3.79,3.79,9,True,2025-08-21 19:18:00,0.0,5.589999999999999,33.72
20251106_025645000_iOS.txt,PAUL,ACM LANE_73,Edwards Pies,1,4.29,0.0,9,True,2025-08-21 19:18:00,4.29,5.589999999999999,33.72
20251106_025645000_iOS.txt,PAUL,ACM LANE_73,Edwards Pies,1,4.29,4.29,9,True,2025-08-21 19:18:00,0.0,5.589999999999999,33.72
20251106_025645000_iOS.txt,PAUL,ACM LANE_73,SEG Bagel Bites,1,2.79,2.79,9,True,2025-08-21 19:18:00,0.0,5.589999999999999,33.72
20251106_025645000_iOS.txt,PAUL,ACM LANE_73,Smucker's Uncrstbl,1,4.79,4.79,9,True,2025-08-21 19:18:00,0.0,5.589999999999999,33.72
20251106_025645000_iOS.txt,PAUL,ACM LANE_73,SEG Bagel Bites,1,2.79,2.79,9,True,2025-08-21 19:18:00,0.0,5.589999999999999,33.72
20251106_025701000_iOS.txt,PAUL,KIMBERLY,k&l Milk,1,3.49,3.49,10,True,2025-08-17 17:56:00,0.0,8.150000000000002,37.3
20251106_025701000_iOS.txt,PAUL,KIMBERLY,On The Border Chip,1,4.29,3.99,10,True,2025-08-17 17:56:00,0.2999999999999998,8.150000000000002,37.3
20251106_025701000_iOS.txt,PAUL,KIMBERLY,SEG Picante Sauce,1,2.99,2.99,10,True,2025-08-17 17:56:00,0.0,8.150000000000002,37.3
20251106_025701000_iOS.txt,PAUL,KIMBERLY,SpaghettiOs Pasta,1,1.69,1.25,10,True,2025-08-17 17:56:00,0.43999999999999995,8.150000000000002,37.3
20251106_025701000_iOS.txt,PAUL,KIMBERLY,Kraft Cheese,2,9.38,6.0,10,True,2025-08-17 17:56:00,3.380000000000001,8.150000000000002,37.3
20251106_025701000_iOS.txt,PAUL,KIMBERLY,HC Cafe Steamers,1,3.79,2.99,10,True,2025-08-17 17:56:00,0.7999999999999998,8.150000000000002,37.3
20251106_025701000_iOS.txt,PAUL,KIMBERLY,SE Grocers Buns,1,2.49,1.99,10,True,2025-08-17 17:56:00,0.5000000000000002,8.150000000000002,37.3
20251106_025701000_iOS.txt,PAUL,KIMBERLY,Pork Chops,1,8.57,6.42,10,True,2025-08-17 17:56:00,2.1500000000000004,8.150000000000002,37.3
20251106_025701000_iOS.txt,PAUL,KIMBERLY,Fresh Meats,1,8.76,8.18,10,True,2025-08-17 17:56:00,0.5800000000000001,8.150000000000002,37.3
20251106_025716000_iOS.txt,PAUL,KIMBERLY,Krustz Pancake Mix,1,3.49,3.49,1,True,2025-08-17 12:36:00,0.0,0.0,3.49
20251106_025724000_iOS.txt,PAUL,KHALESE,Nutella Spread,1,2.79,2.0,16,True,2025-08-14 15:33:00,0.79,13.620000000000001,62.62
20251106_025724000_iOS.txt,PAUL,KHALESE,k&l Milk,1,3.49,3.49,16,True,2025-08-14 15:33:00,0.0,13.620000000000001,62.62
20251106_025724000_iOS.txt,PAUL,KHALESE,SARGENTO CHEESE,1,5.99,3.34,16,True,2025-08-14 15:33:00,2.6500000000000004,13.620000000000001,62.62
20251106_025724000_iOS.txt,PAUL,KHALESE,SEG Croutons,1,1.99,1.99,16,True,2025-08-14 15:33:00,0.0,13.620000000000001,62.62
20251106_025724000_iOS.txt,PAUL,KHALESE,Kraft Cheese,1,4.69,3.0,16,True,2025-08-14 15:33:00,1.6900000000000004,13.620000000000001,62.62
20251106_025724000_iOS.txt,PAUL,KHALESE,SEG Eraser Pads,1,1.99,1.99,16,True,2025-08-14 15:33:00,0.0,13.620000000000001,62.62
20251106_025724000_iOS.txt,PAUL,KHALESE,Topcare Liquid R1f,1,8.29,8.29,16,True,2025-08-14 15:33:00,0.0,13.620000000000001,62.62
20251106_025724000_iOS.txt,PAUL,KHALESE,SEG Turkey,1,6.39,6.39,16,True,2025-08-14 15:33:00,0.0,13.620000000000001,62.62
20251106_025724000_iOS.txt,PAUL,KHALESE,BHF Carrots,1,2.69,2.69,16,True,2025-08-14 15:33:00,0.0,13.620000000000001,62.62
20251106_025724000_iOS.txt,PAUL,KHALESE,Dole Shred Lettuce,2,6.98,3.49,16,True,2025-08-14 15:33:00,3.49,13.620000000000001,62.62
20251106_025724000_iOS.txt,PAUL,KHALESE,Mission Tortillas,1,4.29,4.29,16,True,2025-08-14 15:33:00,0.0,13.620000000000001,62.62
20251106_025724000_iOS.txt,PAUL,KHALESE,Sunny Meadows Eggs,1,3.89,3.89,16,True,2025-08-14 15:33:00,0.0,13.620000000000001,62.62
20251106_025724000_iOS.txt,PAUL,KHALESE,SE Grocers Bread,1,2.79,2.79,16,True,2025-08-14 15:33:00,0.0,13.620000000000001,62.62
20251106_025724000_iOS.txt,PAUL,KHALESE,Fanta Soda,1,9.99,4.99,16,True,2025-08-14 15:33:00,5.0,13.620000000000001,62.62
20251106_025724000_iOS.txt,PAUL,KHALESE,Minute Maid Lmnade,1,9.99,9.99,16,True,2025-08-14 15:33:00,0.0,13.620000000000001,62.62
20251106_025753000_iOS.txt,PAUL,ACM LANE_74,Coca Cola Cola,1,14.99,14.99,1,True,2025-08-12 12:12:00,0.0,0.0,14.99
20251106_025802000_iOS.txt,PAUL,AMY,Chek Root Beer,1,2.49,1.5,3,True,2025-08-11 17:56:00,0.9900000000000002,2.6800000000000006,20.67
20251106_025802000_iOS.txt,PAUL,AMY,Chek Soda,1,2.49,1.5,3,True,2025-08-11 17:56:00,0.9900000000000002,2.6800000000000006,20.67
20251106_025802000_iOS.txt,PAUL,AMY,DIGIORNO PIZZA,1,6.99,6.99,3,True,2025-08-11 17:56:00,0.0,2.6800000000000006,20.67
20251106_025810000_iOS.txt,PAUL,AMY,Annie Chun's Bowl,1,4.79,4.79,2,True,2025-08-11 17:56:00,0.0,2.6800000000000006,20.67
20251106_025810000_iOS.txt,PAUL,AMY,Lotus Cookie Buttr,1,6.59,5.89,2,True,2025-08-11 17:56:00,0.7000000000000002,2.6800000000000006,20.67
20251106_025829000_iOS.txt,PAUL,ACM LANE_73,HALLMARK ITEM,1,5.59,5.59,5,True,2025-08-11 17:08:00,0.0,0.09000000000000008,33.66
20251106_025829000_iOS.txt,PAUL,ACM LANE_73,MAGAZINE,1,9.99,9.99,5,True,2025-08-11 17:08:00,0.0,0.09000000000000008,33.66
20251106_025829000_iOS.txt,PAUL,ACM LANE_73,Whoppers Candy,1,1.59,1.5,5,True,2025-08-11 17:08:00,0.09000000000000008,0.09000000000000008,33.66
20251106_025829000_iOS.txt,PAUL,ACM LANE_73,MM PB Mini Shr Sz,1,6.59,6.59,5,True,2025-08-11 17:08:00,0.0,0.09000000000000008,33.66
20251106_025829000_iOS.txt,PAUL,ACM LANE_73,HALLMARK ITEM,1,9.99,9.99,5,True,2025-08-11 17:08:00,0.0,0.09000000000000008,33.66
20251106_025912000_iOS.txt,PAUL,EMILY,Puffs Tissues,1,6.79,5.99,27,True,2025-08-03 16:38:00,0.7999999999999998,19.38,69.56
20251106_025912000_iOS.txt,PAUL,EMILY,WaT Cat Litter,1,8.99,7.99,27,True,2025-08-03 16:38:00,1.0,19.38,69.56
20251106_025912000_iOS.txt,PAUL,EMILY,Arm & Hammer Dtgnt,1,11.99,6.99,27,True,2025-08-03 16:38:00,5.0,19.38,69.56
20251106_025912000_iOS.txt,PAUL,EMILY,Chobani Yogurt,3,5.37,3.0,27,True,2025-08-03 16:38:00,2.37,19.38,69.56
20251106_025912000_iOS.txt,PAUL,EMILY,Chobani Yogurt,2,3.58,2.0,27,True,2025-08-03 16:38:00,1.58,19.38,69.56
20251106_025912000_iOS.txt,PAUL,EMILY,Lunchables Snack,2,5.98,2.99,27,True,2025-08-03 16:38:00,2.99,19.38,69.56
20251106_025912000_iOS.txt,PAUL,EMILY,OM BASICS TURKEY-A,2,5.98,2.99,27,True,2025-08-03 16:38:00,2.99,19.38,69.56
20251106_025912000_iOS.txt,PAUL,EMILY,SEG IC Sandwich,1,5.99,5.99,27,True,2025-08-03 16:38:00,0.0,19.38,69.56
20251106_025912000_iOS.txt,PAUL,EMILY,SEG BOIL-N-BAG,1,2.19,2.19,27,True,2025-08-03 16:38:00,0.0,19.38,69.56
20251106_025912000_iOS.txt,PAUL,EMILY,NABISCO MINI VARTY,1,7.99,6.99,27,True,2025-08-03 16:38:00,1.0,19.38,69.56
20251106_025912000_iOS.txt,PAUL,EMILY,TF Green Beans,1,3.99,3.34,27,True,2025-08-03 16:38:00,0.6500000000000004,19.38,69.56
20251106_025912000_iOS.txt,PAUL,EMILY,Mixed Grapes,1,3.0,3.0,27,True,2025-08-03 16:38:00,0.0,19.38,69.56
20251106_025912000_iOS.txt,PAUL,EMILY,k&l Kidney Beans,1,1.29,0.99,27,True,2025-08-03 16:38:00,0.30000000000000004,19.38,69.56
20251106_025912000_iOS.txt,PAUL,EMILY,SpaghettiOs Pasta,1,1.69,1.69,27,True,2025-08-03 16:38:00,0.0,19.38,69.56
20251106_025912000_iOS.txt,PAUL,EMILY,Blue Runner Beans,2,4.58,4.58,27,True,2025-08-03 16:38:00,0.0,19.38,69.56
20251106_025912000_iOS.txt,PAUL,EMILY,Campbell's Soup,2,3.98,3.98,27,True,2025-08-03 16:38:00,0.0,19.38,69.56
20251106_025912000_iOS.txt,PAUL,EMILY,k&l Potatoes,2,2.38,1.98,27,True,2025-08-03 16:38:00,0.3999999999999999,19.38,69.56
20251106_025912000_iOS.txt,PAUL,EMILY,kg√©l Corn,1,1.19,0.89,27,True,2025-08-03 16:38:00,0.29999999999999993,19.38,69.56
20251106_025912000_iOS.txt,PAUL,EMILY,Pure Life 6pk,1,1.99,1.99,27,True,2025-08-03 16:38:00,0.0,19.38,69.56
20251106_025927000_iOS.txt,PAUL,ACM LANE_74,Kinder Joy Treat,1,2.79,2.79,1,True,2025-08-02 22:29:00,0.0,0.0,2.79
20251106_025944000_iOS.txt,PAUL,SEAN,SEG Turkey,1,5.74,5.74,3,True,2025-07-31 16:34:00,0.0,0.5999999999999996,13.22
20251106_025944000_iOS.txt,PAUL,SEAN,Cheez-It Crackers,1,5.29,4.99,3,True,2025-07-31 16:34:00,0.2999999999999998,0.5999999999999996,13.22
20251106_025944000_iOS.txt,PAUL,SEAN,SE Grocers Bread,1,2.79,2.49,3,True,2025-07-31 16:34:00,0.2999999999999998,0.5999999999999996,13.22
20251106_025952000_iOS.txt,PAUL,KIMBERLY,Smucker's Uncrstbl,1,4.79,3.99,14,True,2025-07-28 18:41:00,0.7999999999999998,13.65,66.79
20251106_025952000_iOS.txt,PAUL,KIMBERLY,BB MINI SWIRL CONE,1,5.99,3.0,14,True,2025-07-28 18:41:00,2.99,13.65,66.79
20251106_025952000_iOS.txt,PAUL,KIMBERLY,Danimals Smoothie,1,3.89,3.0,14,True,2025-07-28 18:41:00,0.8900000000000001,13.65,66.79
20251106_025952000_iOS.txt,PAUL,KIMBERLY,k&l Milk,1,3.49,3.49,14,True,2025-07-28 18:41:00,0.0,13.65,66.79
20251106_025952000_iOS.txt,PAUL,KIMBERLY,Top Care Nitetime,1,11.99,11.99,14,True,2025-07-28 18:41:00,0.0,13.65,66.79
20251106_025952000_iOS.txt,PAUL,KIMBERLY,SEG Seasoning Mix,1,0.99,0.99,14,True,2025-07-28 18:41:00,0.0,13.65,66.79
20251106_025952000_iOS.txt,PAUL,KIMBERLY,Hershey's Candy,1,1.79,1.79,14,True,2025-07-28 18:41:00,0.0,13.65,66.79
20251106_025952000_iOS.txt,PAUL,KIMBERLY,FRIED CKN 8PC,1,10.99,10.99,14,True,2025-07-28 18:41:00,0.0,13.65,66.79
20251106_025952000_iOS.txt,PAUL,KIMBERLY,15ct Oatmeal Raisi,1,5.99,4.99,14,True,2025-07-28 18:41:00,1.0,13.65,66.79
20251106_025952000_iOS.txt,PAUL,KIMBERLY,SEG Sour Cream,1,1.49,1.19,14,True,2025-07-28 18:41:00,0.30000000000000004,13.65,66.79
20251106_025952000_iOS.txt,PAUL,KIMBERLY,SE Grocers Syrup,1,4.19,3.49,14,True,2025-07-28 18:41:00,0.7000000000000002,13.65,66.79
20251106_025952000_iOS.txt,PAUL,KIMBERLY,SEG Turkey,1,10.19,7.13,14,True,2025-07-28 18:41:00,3.0599999999999996,13.65,66.79
20251106_025952000_iOS.txt,PAUL,KIMBERLY,Ground Beef,1,9.67,7.25,14,True,2025-07-28 18:41:00,2.42,13.65,66.79
20251106_025952000_iOS.txt,PAUL,KIMBERLY,Strawberries,1,4.99,3.5,14,True,2025-07-28 18:41:00,1.4900000000000002,13.65,66.79
20251106_030020000_iOS.txt,PAUL,ACM LANE_73,Coca Cola Cola,4,59.96,51.96,6,True,2025-07-24 10:25:00,8.0,8.7,61.24
20251106_030020000_iOS.txt,PAUL,ACM LANE_73,k&l Milk,1,5.29,5.29,6,True,2025-07-24 10:25:00,0.0,8.7,61.24
20251106_030020000_iOS.txt,PAUL,ACM LANE_73,SEG 100% Juice,1,4.69,3.99,6,True,2025-07-24 10:25:00,0.7000000000000002,8.7,61.24
20251106_030029000_iOS.txt,PAUL,ACM LANE_73,Coca Cola Cola,1,14.99,14.99,7,True,2025-07-21 12:21:00,0.0,0.0,36.13
20251106_030029000_iOS.txt,PAUL,ACM LANE_73,NYB Garlic Bread,1,3.49,3.49,7,True,2025-07-21 12:21:00,0.0,0.0,36.13
20251106_030029000_iOS.txt,PAUL,ACM LANE_73,Sno-Balls To Go,2,7.98,7.98,7,True,2025-07-21 12:21:00,0.0,0.0,36.13
20251106_030029000_iOS.txt,PAUL,ACM LANE_73,Hugbi Pies,2,5.38,5.38,7,True,2025-07-21 12:21:00,0.0,0.0,36.13
20251106_030029000_iOS.txt,PAUL,ACM LANE_73,Dewafelbakkr Pncks,1,4.29,4.29,7,True,2025-07-21 12:21:00,0.0,0.0,36.13
20251106_030040000_iOS.txt,PAUL,SUSAN,k&l Milk,1,5.29,5.29,18,True,2025-07-20 11:07:00,0.0,3.67,44.480000000000004
20251106_030040000_iOS.txt,PAUL,SUSAN,Gatorade Beverage,1,5.79,5.79,18,True,2025-07-20 11:07:00,0.0,3.67,44.480000000000004
20251106_030040000_iOS.txt,PAUL,SUSAN,Coffee Mate Creamr,1,4.99,4.99,18,True,2025-07-20 11:07:00,0.0,3.67,44.480000000000004
20251106_030040000_iOS.txt,PAUL,SUSAN,Scott Bthrm Tissue,1,4.49,4.49,18,True,2025-07-20 11:07:00,0.0,3.67,44.480000000000004
20251106_030040000_iOS.txt,PAUL,SUSAN,k&l Sweet Peas,1,1.39,0.99,18,True,2025-07-20 11:07:00,0.3999999999999999,3.67,44.480000000000004
20251106_030040000_iOS.txt,PAUL,SUSAN,SpaghettiOs Pasta,1,1.69,1.69,18,True,2025-07-20 11:07:00,0.0,3.67,44.480000000000004
20251106_030040000_iOS.txt,PAUL,SUSAN,Maruchan Ramen Sup,1,2.19,1.5,18,True,2025-07-20 11:07:00,0.69,3.67,44.480000000000004
20251106_030040000_iOS.txt,PAUL,SUSAN,Sunny Meadows Eggs,1,3.49,3.49,18,True,2025-07-20 11:07:00,0.0,3.67,44.480000000000004
20251106_030040000_iOS.txt,PAUL,SUSAN,SEG Turkey,1,5.09,5.09,18,True,2025-07-20 11:07:00,0.0,3.67,44.480000000000004
20251106_030040000_iOS.txt,PAUL,SUSAN,Armour Crunchers,1,1.67,1.25,18,True,2025-07-20 11:07:00,0.41999999999999993,3.67,44.480000000000004
20251106_030040000_iOS.txt,PAUL,SUSAN,Kraft Mac & Cheese,1,1.99,1.39,18,True,2025-07-20 11:07:00,0.6000000000000001,3.67,44.480000000000004
20251106_030040000_iOS.txt,PAUL,SUSAN,OM BASICS HAM-AMER,1,2.99,2.99,18,True,2025-07-20 11:07:00,0.0,3.67,44.480000000000004
20251106_030040000_iOS.txt,PAUL,SUSAN,Lunchables Snack,1,2.99,2.99,18,True,2025-07-20 11:07:00,0.0,3.67,44.480000000000004
20251106_030040000_iOS.txt,PAUL,SUSAN,wr Bananas,1,0.54,0.54,18,True,2025-07-20 11:07:00,0.0,3.67,44.480000000000004
20251106_030040000_iOS.txt,PAUL,SUSAN,Yellow Corn,4,3.56,2.0,18,True,2025-07-20 11:07:00,1.56,3.67,44.480000000000004
20251106_030053000_iOS.txt,PAUL,KIMBERLY,SEG Turkey,1,6.79,6.79,7,True,2025-07-16 18:06:00,0.0,1.3399999999999999,19.7
20251106_030053000_iOS.txt,PAUL,KIMBERLY,D&W Cheese,1,5.0,5.0,7,True,2025-07-16 18:06:00,0.0,1.3399999999999999,19.7
20251106_030053000_iOS.txt,PAUL,KIMBERLY,SE Grocers Bread,1,2.79,2.49,7,True,2025-07-16 18:06:00,0.2999999999999998,1.3399999999999999,19.7
20251106_030053000_iOS.txt,PAUL,KIMBERLY,Gold Peak Tea,1,2.59,1.67,7,True,2025-07-16 18:06:00,0.9199999999999999,1.3399999999999999,19.7
20251106_030053000_iOS.txt,PAUL,KIMBERLY,Sparkling Ice Wtr,1,1.29,1.25,7,True,2025-07-16 18:06:00,0.040000000000000036,1.3399999999999999,19.7
20251106_030053000_iOS.txt,PAUL,KIMBERLY,SI Starburst Straw,1,1.29,1.25,7,True,2025-07-16 18:06:00,0.040000000000000036,1.3399999999999999,19.7
20251106_030053000_iOS.txt,PAUL,KIMBERLY,SI Starburst Cherr,1,1.29,1.25,7,True,2025-07-16 18:06:00,0.040000000000000036,1.3399999999999999,19.7
20251106_030103000_iOS.txt,PAUL,DEMOND,Nutella Spread,1,2.49,2.49,10,True,2025-07-12 14:51:00,0.0,10.520000000000001,28.4
20251106_030103000_iOS.txt,PAUL,DEMOND,SE Grocers Bread,1,2.79,2.79,10,True,2025-07-12 14:51:00,0.0,10.520000000000001,28.4
20251106_030103000_iOS.txt,PAUL,DEMOND,SEG Pasta Sauce,1,1.99,1.5,10,True,2025-07-12 14:51:00,0.49,10.520000000000001,28.4
20251106_030103000_iOS.txt,PAUL,DEMOND,HS Regular Bacon,1,4.99,4.49,10,True,2025-07-12 14:51:00,0.5,10.520000000000001,28.4
20251106_030103000_iOS.txt,PAUL,DEMOND,SF Chicken Thighs,1,5.71,5.14,10,True,2025-07-12 14:51:00,0.5700000000000003,10.520000000000001,28.4
20251106_030103000_iOS.txt,PAUL,DEMOND,Lunchables Snack,1,2.99,1.5,10,True,2025-07-12 14:51:00,1.4900000000000002,10.520000000000001,28.4
20251106_030103000_iOS.txt,PAUL,DEMOND,Lunchables Snack,1,2.99,1.5,10,True,2025-07-12 14:51:00,1.4900000000000002,10.520000000000001,28.4
20251106_030103000_iOS.txt,PAUL,DEMOND,OM BASICS TURKEY-A,1,2.99,1.5,10,True,2025-07-12 14:51:00,1.4900000000000002,10.520000000000001,28.4
20251106_030103000_iOS.txt,PAUL,DEMOND,Lunchables Snack,1,2.99,1.5,10,True,2025-07-12 14:51:00,1.4900000000000002,10.520000000000001,28.4
20251106_030103000_iOS.txt,PAUL,DEMOND,Watermelon,1,8.99,5.99,10,True,2025-07-12 14:51:00,3.0,10.520000000000001,28.4
20251106_030113000_iOS.txt,PAUL,ACM LANE_73,Sno-Balls To Go,4,15.96,15.96,23,True,2025-07-09 18:01:00,0.0,31.810000000000002,103.76
20251106_030113000_iOS.txt,PAUL,ACM LANE_73,ALM PETIT FOUR,1,5.99,5.99,23,True,2025-07-09 18:01:00,0.0,31.810000000000002,103.76
20251106_030113000_iOS.txt,PAUL,ACM LANE_73,SEG Turkey,1,9.89,9.89,23,True,2025-07-09 18:01:00,0.0,31.810000000000002,103.76
20251106_030113000_iOS.txt,PAUL,ACM LANE_73,Peter Pan Pnt Bttr,2,19.78,9.89,23,True,2025-07-09 18:01:00,9.89,31.810000000000002,103.76
20251106_030113000_iOS.txt,PAUL,ACM LANE_73,Good2Grow 100% Jce,1,3.59,3.59,23,True,2025-07-09 18:01:00,0.0,31.810000000000002,103.76
20251106_030113000_iOS.txt,PAUL,ACM LANE_73,APPLE JACK DONUT,1,5.49,0.0,23,True,2025-07-09 18:01:00,5.49,31.810000000000002,103.76
20251106_030113000_iOS.txt,PAUL,ACM LANE_73,Lunchables Snack,1,2.99,1.5,23,True,2025-07-09 18:01:00,1.4900000000000002,31.810000000000002,103.76
20251106_030113000_iOS.txt,PAUL,ACM LANE_73,Sparkling Ice Wtr,1,1.29,1.25,23,True,2025-07-09 18:01:00,0.040000000000000036,31.810000000000002,103.76
20251106_030113000_iOS.txt,PAUL,ACM LANE_73,Sparkling Ice Wtr,1,1.29,1.25,23,True,2025-07-09 18:01:00,0.040000000000000036,31.810000000000002,103.76
20251106_030113000_iOS.txt,PAUL,ACM LANE_73,Sno-Balls To Go,1,3.99,3.99,23,True,2025-07-09 18:01:00,0.0,31.810000000000002,103.76
20251106_030113000_iOS.txt,PAUL,ACM LANE_73,Sparkling Ice Wtr,1,1.29,1.25,23,True,2025-07-09 18:01:00,0.040000000000000036,31.810000000000002,103.76
20251106_030113000_iOS.txt,PAUL,ACM LANE_73,Sparkling Ice Wtr,1,1.29,1.25,23,True,2025-07-09 18:01:00,0.040000000000000036,31.810000000000002,103.76
20251106_030113000_iOS.txt,PAUL,ACM LANE_73,Lunchables Snack,1,2.99,1.5,23,True,2025-07-09 18:01:00,1.4900000000000002,31.810000000000002,103.76
20251106_030113000_iOS.txt,PAUL,ACM LANE_73,Chse Vrty Inst Grt,1,4.49,4.49,23,True,2025-07-09 18:01:00,0.0,31.810000000000002,103.76
20251106_030113000_iOS.txt,PAUL,ACM LANE_73,Cocoa Krispies Crl,1,5.49,5.49,23,True,2025-07-09 18:01:00,0.0,31.810000000000002,103.76
20251106_030113000_iOS.txt,PAUL,ACM LANE_73,Pearl Millng Syrup,1,4.79,3.5,23,True,2025-07-09 18:01:00,1.29,31.810000000000002,103.76
20251106_030113000_iOS.txt,PAUL,ACM LANE_73,Coca Cola Cola,3,44.97,32.97,23,True,2025-07-09 18:01:00,12.0,31.810000000000002,103.76
20251106_030144000_iOS.txt,PAUL,ACM LANE _092,QTY 3. Sno-Balls To Go,1,11.97,11.97,14,False,2025-06-30 14:11:00,0.0,65.8,152.12
20251106_030144000_iOS.txt,PAUL,ACM LANE _092,Dewafelbakkr Pncks,1,4.29,4.29,14,False,2025-06-30 14:11:00,0.0,65.8,152.12
20251106_030144000_iOS.txt,PAUL,ACM LANE _092,KELLOGG APL JCK GT,1,7.49,6.59,14,False,2025-06-30 14:11:00,0.9000000000000004,65.8,152.12
20251106_030144000_iOS.txt,PAUL,ACM LANE _092,k&l Milk,1,5.29,5.29,14,False,2025-06-30 14:11:00,0.0,65.8,152.12
20251106_030144000_iOS.txt,PAUL,ACM LANE _092,DR PEPPER 12PK,8,79.92,47.92,14,False,2025-06-30 14:11:00,32.0,65.8,152.12
20251106_030154000_iOS.txt,STEPHEN,ERIN,Pringles Chips,1,1.59,1.5,2,True,2025-06-29 13:12:00,0.09000000000000008,0.18000000000000016,8.18
20251106_030154000_iOS.txt,STEPHEN,ERIN,Fanta Soda,1,2.59,2.59,2,True,2025-06-29 13:12:00,0.0,0.18000000000000016,8.18
20251106_030227000_iOS.txt,PAUL,DEMOND,Smucker's Uncrstbl,1,4.79,3.99,5,True,2025-06-26 17:52:00,0.7999999999999998,25.6,49.5
20251106_030227000_iOS.txt,PAUL,DEMOND,Minute Maid Lmnade,1,9.99,5.99,5,True,2025-06-26 17:52:00,4.0,25.6,49.5
20251106_030227000_iOS.txt,PAUL,DEMOND,Diet Bargs Rt Beer,1,9.99,5.99,5,True,2025-06-26 17:52:00,4.0,25.6,49.5
20251106_030227000_iOS.txt,PAUL,DEMOND,Kinder Joy Treat,1,2.79,2.79,5,True,2025-06-26 17:52:00,0.0,25.6,49.5
20251106_030227000_iOS.txt,PAUL,DEMOND,Fanta Soda,1,9.99,5.99,5,True,2025-06-26 17:52:00,4.0,25.6,49.5
20251106_030624000_iOS.txt,PAUL,KHALESE,GAIN LQ HEC OXI WD,1,10.79,5.49,14,True,2025-06-22 17:27:00,5.299999999999999,25.62,107.24000000000001
20251106_030624000_iOS.txt,PAUL,KHALESE,k&l Milk,1,5.29,5.29,14,True,2025-06-22 17:27:00,0.0,25.62,107.24000000000001
20251106_030624000_iOS.txt,PAUL,KHALESE,BB MINI SWIRL CONE,1,5.99,3.0,14,True,2025-06-22 17:27:00,2.99,25.62,107.24000000000001
20251106_030624000_iOS.txt,PAUL,KHALESE,Oscar Mayer Lnchbl,1,1.99,1.99,14,True,2025-06-22 17:27:00,0.0,25.62,107.24000000000001
20251106_030624000_iOS.txt,PAUL,KHALESE,Lunchables Snack,1,2.99,2.5,14,True,2025-06-22 17:27:00,0.4900000000000002,25.62,107.24000000000001
20251106_030624000_iOS.txt,PAUL,KHALESE,Lunchables Snack,1,2.99,2.5,14,True,2025-06-22 17:27:00,0.4900000000000002,25.62,107.24000000000001
20251106_030624000_iOS.txt,PAUL,KHALESE,Nutella Spread,1,2.49,2.49,14,True,2025-06-22 17:27:00,0.0,25.62,107.24000000000001
20251106_030624000_iOS.txt,PAUL,KHALESE,SEG Turkey,1,5.84,5.84,14,True,2025-06-22 17:27:00,0.0,25.62,107.24000000000001
20251106_030624000_iOS.txt,PAUL,KHALESE,D&W Cheese,1,3.79,3.79,14,True,2025-06-22 17:27:00,0.0,25.62,107.24000000000001
20251106_030624000_iOS.txt,PAUL,KHALESE,Chobani Yogurt,2,3.58,3.58,14,True,2025-06-22 17:27:00,0.0,25.62,107.24000000000001
20251106_030624000_iOS.txt,PAUL,KHALESE,Chicken Cutlet,1,8.81,6.67,14,True,2025-06-22 17:27:00,2.1400000000000006,25.62,107.24000000000001
20251106_030624000_iOS.txt,PAUL,KHALESE,Boneless Pork Ribs,1,8.39,6.99,14,True,2025-06-22 17:27:00,1.4000000000000004,25.62,107.24000000000001
20251106_030624000_iOS.txt,PAUL,KHALESE,Bunny Bread,1,3.49,3.49,14,True,2025-06-22 17:27:00,0.0,25.62,107.24000000000001
20251106_030749000_iOS.txt,PAUL,KALIYAH,k&l Water,1,2.99,2.99,3,True,2025-06-14 18:01:00,0.0,0.0,40.94
20251106_030749000_iOS.txt,PAUL,KALIYAH,Purex Detergent,1,11.99,11.99,3,True,2025-06-14 18:01:00,0.0,0.0,40.94
20251106_030749000_iOS.txt,PAUL,KALIYAH,Fairlife Milk,1,5.49,5.49,3,True,2025-06-14 18:01:00,0.0,0.0,40.94
20251106_030825000_iOS.txt,PAUL,ACM LANE_73,Little Hug Drink,1,5.99,4.99,1,True,2025-06-09 20:39:00,1.0,2.0,9.98
20251106_030834000_iOS.txt,PAUL,AMY,wr Russet Potato,1,4.5,3.82,25,False,2025-06-08 20:18:00,0.6800000000000002,41.2,191.98000000000002
20251106_030834000_iOS.txt,PAUL,AMY,k&l Cheese,1,7.49,4.99,25,False,2025-06-08 20:18:00,2.5,41.2,191.98000000000002
20251106_030834000_iOS.txt,PAUL,AMY,k&l Milk,1,5.29,5.29,25,False,2025-06-08 20:18:00,0.0,41.2,191.98000000000002
20251106_030834000_iOS.txt,PAUL,AMY,k&l Milk,1,3.49,2.74,25,False,2025-06-08 20:18:00,0.75,41.2,191.98000000000002
20251106_030834000_iOS.txt,PAUL,AMY,Annie Chun's Bowl,1,4.79,4.79,25,False,2025-06-08 20:18:00,0.0,41.2,191.98000000000002
20251106_030834000_iOS.txt,PAUL,AMY,Chobani Yogurt,2,3.58,3.58,25,False,2025-06-08 20:18:00,0.0,41.2,191.98000000000002
20251106_030834000_iOS.txt,PAUL,AMY,k&l Corn,1,1.19,0.89,25,False,2025-06-08 20:18:00,0.29999999999999993,41.2,191.98000000000002
20251106_030834000_iOS.txt,PAUL,AMY,Sunny Meadows Eggs,1,3.99,3.99,25,False,2025-06-08 20:18:00,0.0,41.2,191.98000000000002
20251106_030834000_iOS.txt,PAUL,AMY,Smucker's Syrup,1,3.59,2.5,25,False,2025-06-08 20:18:00,1.0899999999999999,41.2,191.98000000000002
20251106_030834000_iOS.txt,PAUL,AMY,Chobani Yogurt,1,6.49,6.49,25,False,2025-06-08 20:18:00,0.0,41.2,191.98000000000002
20251106_030834000_iOS.txt,PAUL,AMY,Strawberries,3,14.97,10.01,25,False,2025-06-08 20:18:00,4.960000000000001,41.2,191.98000000000002
20251106_030834000_iOS.txt,PAUL,AMY,Blueberries,1,5.99,3.33,25,False,2025-06-08 20:18:00,2.66,41.2,191.98000000000002
20251106_030834000_iOS.txt,PAUL,AMY,Two-Bite Cupcakes,1,4.99,3.74,25,False,2025-06-08 20:18:00,1.25,41.2,191.98000000000002
20251106_030834000_iOS.txt,PAUL,AMY,Philadelphia Chse,1,4.59,4.59,25,False,2025-06-08 20:18:00,0.0,41.2,191.98000000000002
20251106_030834000_iOS.txt,PAUL,AMY,Ground Beef,1,6.3,5.81,25,False,2025-06-08 20:18:00,0.4900000000000002,41.2,191.98000000000002
20251106_030834000_iOS.txt,PAUL,AMY,Beef Cubed Steak,1,6.4,5.48,25,False,2025-06-08 20:18:00,0.9199999999999999,41.2,191.98000000000002
20251106_030834000_iOS.txt,PAUL,AMY,Lunchables Snack,1,2.99,2.99,25,False,2025-06-08 20:18:00,0.0,41.2,191.98000000000002
20251106_030834000_iOS.txt,PAUL,AMY,Lunchables Snack,1,2.99,2.99,25,False,2025-06-08 20:18:00,0.0,41.2,191.98000000000002
20251106_030834000_iOS.txt,PAUL,AMY,Lunchables Snack,1,2.99,2.99,25,False,2025-06-08 20:18:00,0.0,41.2,191.98000000000002
20251106_030834000_iOS.txt,PAUL,AMY,CocaCola Soda,2,19.98,14.98,25,False,2025-06-08 20:18:00,5.0,41.2,191.98000000000002
20251106_030848000_iOS.txt,PAUL,KIMBERLY,Fanta Soda,1,9.99,4.99,9,True,2025-06-07 13:18:00,5.0,22.98,92.66
20251106_030848000_iOS.txt,PAUL,KIMBERLY,Minute Maid Lmnade,1,9.99,9.99,9,True,2025-06-07 13:18:00,0.0,22.98,92.66
20251106_030848000_iOS.txt,PAUL,KIMBERLY,Smucker's Spread,1,3.99,3.99,9,True,2025-06-07 13:18:00,0.0,22.98,92.66
20251106_030848000_iOS.txt,PAUL,KIMBERLY,Blue Plate Mynnase,2,9.98,4.99,9,True,2025-06-07 13:18:00,4.99,22.98,92.66
20251106_030848000_iOS.txt,PAUL,KIMBERLY,HSWT Thk Bacon,1,4.99,4.99,9,True,2025-06-07 13:18:00,0.0,22.98,92.66
20251106_030848000_iOS.txt,PAUL,KIMBERLY,D&W Cheese,1,5.5,4.0,9,True,2025-06-07 13:18:00,1.5,22.98,92.66
20251106_030848000_iOS.txt,PAUL,KIMBERLY,SEG Turkey,1,9.39,9.39,9,True,2025-06-07 13:18:00,0.0,22.98,92.66
20251106_030848000_iOS.txt,PAUL,KIMBERLY,Bunny Bread,1,3.99,3.99,9,True,2025-06-07 13:18:00,0.0,22.98,92.66
20251106_030858000_iOS.txt,PAUL,ACM LANE_73,Smucker's Jelly,2,6.58,6.58,8,False,2025-06-06 22:17:00,0.0,0.0,53.84
20251106_030858000_iOS.txt,PAUL,ACM LANE_73,Sno-Balls To Go,1,3.99,3.99,8,False,2025-06-06 22:17:00,0.0,0.0,53.84
20251106_030858000_iOS.txt,PAUL,ACM LANE_73,Sno-Balls To Go,1,3.99,3.99,8,False,2025-06-06 22:17:00,0.0,0.0,53.84
20251106_030858000_iOS.txt,PAUL,ACM LANE_73,Dewafelbakkr Pncks,1,4.29,4.29,8,False,2025-06-06 22:17:00,0.0,0.0,53.84
20251106_030858000_iOS.txt,PAUL,ACM LANE_73,QTY 3. Hugbi Pies,1,8.07,8.07,8,False,2025-06-06 22:17:00,0.0,0.0,53.84
20251106_030909000_iOS.txt,STEPHEN,TRISTIN,Bunny Bread,1,3.99,3.99,16,True,2025-06-01 18:31:00,0.0,17.900000000000002,91.52
20251106_030909000_iOS.txt,STEPHEN,TRISTIN,Fresh Meats,1,7.06,6.66,16,True,2025-06-01 18:31:00,0.39999999999999947,17.900000000000002,91.52
20251106_030909000_iOS.txt,STEPHEN,TRISTIN,k&l Milk,1,5.29,4.29,16,True,2025-06-01 18:31:00,1.0,17.900000000000002,91.52
20251106_030909000_iOS.txt,STEPHEN,TRISTIN,Oscar Mayer Lnchbl,1,1.99,1.5,16,True,2025-06-01 18:31:00,0.49,17.900000000000002,91.52
20251106_030909000_iOS.txt,STEPHEN,TRISTIN,Chobani Yogurt,2,3.58,2.5,16,True,2025-06-01 18:31:00,1.08,17.900000000000002,91.52
20251106_030909000_iOS.txt,STEPHEN,TRISTIN,SE Grocers Pasta,1,1.79,1.25,16,True,2025-06-01 18:31:00,0.54,17.900000000000002,91.52
20251106_030909000_iOS.txt,STEPHEN,TRISTIN,SEG Turkey,1,9.59,6.71,16,True,2025-06-01 18:31:00,2.88,17.900000000000002,91.52
20251106_030909000_iOS.txt,STEPHEN,TRISTIN,k&l Corn,1,1.19,0.89,16,True,2025-06-01 18:31:00,0.29999999999999993,17.900000000000002,91.52
20251106_030909000_iOS.txt,STEPHEN,TRISTIN,k&l Diced Tomatoes,1,1.29,0.99,16,True,2025-06-01 18:31:00,0.30000000000000004,17.900000000000002,91.52
20251106_030909000_iOS.txt,STEPHEN,TRISTIN,Nutella Spread,1,2.49,2.49,16,True,2025-06-01 18:31:00,0.0,17.900000000000002,91.52
20251106_030909000_iOS.txt,STEPHEN,TRISTIN,Coffee Mate Creamr,1,4.49,4.49,16,True,2025-06-01 18:31:00,0.0,17.900000000000002,91.52
20251106_030909000_iOS.txt,STEPHEN,TRISTIN,Lunchables Snack,2,5.98,5.0,16,True,2025-06-01 18:31:00,0.9800000000000004,17.900000000000002,91.52
20251106_030909000_iOS.txt,STEPHEN,TRISTIN,Lunchables Snack,1,2.99,2.5,16,True,2025-06-01 18:31:00,0.4900000000000002,17.900000000000002,91.52
20251106_030909000_iOS.txt,STEPHEN,TRISTIN,OM BASICS HAM-AMER,1,2.99,2.5,16,True,2025-06-01 18:31:00,0.4900000000000002,17.900000000000002,91.52
20251106_030919000_iOS.txt,PAUL,ACM LANE_73,SEG Ice Cream Cone,1,4.99,2.99,4,True,2025-05-31 21:01:00,2.0,11.18,29.14
20251106_030919000_iOS.txt,PAUL,ACM LANE_73,DIGIORNO PIZZA,1,6.99,3.99,4,True,2025-05-31 21:01:00,3.0,11.18,29.14
20251106_030919000_iOS.txt,PAUL,ACM LANE_73,Lotus Cookie Buttr,1,6.59,6.59,4,True,2025-05-31 21:01:00,0.0,11.18,29.14
20251106_030919000_iOS.txt,PAUL,ACM LANE_73,SpaghettiOs Pasta,1,1.59,1.0,4,True,2025-05-31 21:01:00,0.5900000000000001,11.18,29.14
20251106_031010000_iOS.txt,PAUL,ZACHARY,Bunny Bread,1,3.99,3.99,23,True,2025-05-18 15:15:00,0.0,22.220000000000006,155.4
20251106_031010000_iOS.txt,PAUL,ZACHARY,Success Rice,1,2.79,2.79,23,True,2025-05-18 15:15:00,0.0,22.220000000000006,155.4
20251106_031010000_iOS.txt,PAUL,ZACHARY,k&l Peas & Carrots,1,2.29,1.67,23,True,2025-05-18 15:15:00,0.6200000000000001,22.220000000000006,155.4
20251106_031010000_iOS.txt,PAUL,ZACHARY,Kraft Mac & Cheese,2,3.98,1.99,23,True,2025-05-18 15:15:00,1.99,22.220000000000006,155.4
20251106_031010000_iOS.txt,PAUL,ZACHARY,Hormel Pepperoni,1,5.79,4.0,23,True,2025-05-18 15:15:00,1.79,22.220000000000006,155.4
20251106_031010000_iOS.txt,PAUL,ZACHARY,SBUX ICED ENERGY,1,3.29,3.29,23,True,2025-05-18 15:15:00,0.0,22.220000000000006,155.4
20251106_031010000_iOS.txt,PAUL,ZACHARY,Blue Runner Beans,1,3.69,3.69,23,True,2025-05-18 15:15:00,0.0,22.220000000000006,155.4
20251106_031010000_iOS.txt,PAUL,ZACHARY,k&l Kidney Beans,1,1.29,0.99,23,True,2025-05-18 15:15:00,0.30000000000000004,22.220000000000006,155.4
20251106_031010000_iOS.txt,PAUL,ZACHARY,Knorr Rice Sides,1,1.59,0.99,23,True,2025-05-18 15:15:00,0.6000000000000001,22.220000000000006,155.4
20251106_031010000_iOS.txt,PAUL,ZACHARY,D&W Cheese,1,3.52,3.52,23,True,2025-05-18 15:15:00,0.0,22.220000000000006,155.4
20251106_031010000_iOS.txt,PAUL,ZACHARY,Kraft Cheese,1,3.99,3.99,23,True,2025-05-18 15:15:00,0.0,22.220000000000006,155.4
20251106_031010000_iOS.txt,PAUL,ZACHARY,SEG Turkey,1,10.49,10.49,23,True,2025-05-18 15:15:00,0.0,22.220000000000006,155.4
20251106_031010000_iOS.txt,PAUL,ZACHARY,Chobani Yogurt,1,1.79,1.79,23,True,2025-05-18 15:15:00,0.0,22.220000000000006,155.4
20251106_031010000_iOS.txt,PAUL,ZACHARY,SEG Light Cream,1,3.49,3.49,23,True,2025-05-18 15:15:00,0.0,22.220000000000006,155.4
20251106_031010000_iOS.txt,PAUL,ZACHARY,Dole Shred Lettuce,1,3.49,3.49,23,True,2025-05-18 15:15:00,0.0,22.220000000000006,155.4
20251106_031010000_iOS.txt,PAUL,ZACHARY,wr Tomatoes,1,1.57,0.94,23,True,2025-05-18 15:15:00,0.6300000000000001,22.220000000000006,155.4
20251106_031010000_iOS.txt,PAUL,ZACHARY,Manda Sausage,1,4.99,4.0,23,True,2025-05-18 15:15:00,0.9900000000000002,22.220000000000006,155.4
20251106_031010000_iOS.txt,PAUL,ZACHARY,wr Bananas,1,1.25,1.25,23,True,2025-05-18 15:15:00,0.0,22.220000000000006,155.4
20251106_031010000_iOS.txt,PAUL,ZACHARY,Ground Beef,1,6.47,5.39,23,True,2025-05-18 15:15:00,1.08,22.220000000000006,155.4
20251106_031010000_iOS.txt,PAUL,ZACHARY,SF TENDERLOINS VP,1,11.88,8.77,23,True,2025-05-18 15:15:00,3.110000000000001,22.220000000000006,155.4
20251106_031010000_iOS.txt,PAUL,ZACHARY,k&l Milk,1,5.29,5.29,23,True,2025-05-18 15:15:00,0.0,22.220000000000006,155.4
20251106_031010000_iOS.txt,PAUL,ZACHARY,Bush's Best Beans,1,1.89,1.89,23,True,2025-05-18 15:15:00,0.0,22.220000000000006,155.4
20251106_031021000_iOS.txt,PAUL,ACM LANE _092,k&l Milk,1,5.29,5.29,2,True,2025-05-15 20:19:00,0.0,0.0,18.560000000000002
20251106_031021000_iOS.txt,PAUL,ACM LANE _092,Sno-Balls To Go,1,3.99,3.99,2,True,2025-05-15 20:19:00,0.0,0.0,18.560000000000002
20251106_031106000_iOS.txt,PAUL,ACM LANE_73,Pearl Millng Syrup,1,4.79,3.0,9,False,2025-05-10 17:02:00,1.79,43.58,108.64
20251106_031106000_iOS.txt,PAUL,ACM LANE_73,Hugbi Pies,2,5.38,5.38,9,False,2025-05-10 17:02:00,0.0,43.58,108.64
20251106_031106000_iOS.txt,PAUL,ACM LANE_73,HALLMARK ITEM,1,5.99,5.99,9,False,2025-05-10 17:02:00,0.0,43.58,108.64
20251106_031106000_iOS.txt,PAUL,ACM LANE_73,QTY 3. DR PEPPER 12PK,1,29.97,17.97,9,False,2025-05-10 17:02:00,12.0,43.58,108.64
20251106_031106000_iOS.txt,PAUL,ACM LANE_73,Coca Cola Cola,2,29.98,21.98,9,False,2025-05-10 17:02:00,8.0,43.58,108.64
20251106_031131000_iOS.txt,PAUL,KALIYAH,Bunny Bread,1,3.99,3.99,19,False,2025-05-03 16:29:00,0.0,46.14,148.0
20251106_031131000_iOS.txt,PAUL,KALIYAH,NABISCO MINI VARTY,2,15.98,7.99,19,False,2025-05-03 16:29:00,7.99,46.14,148.0
20251106_031131000_iOS.txt,PAUL,KALIYAH,Blue Bell IceCream,1,8.99,8.99,19,False,2025-05-03 16:29:00,0.0,46.14,148.0
20251106_031131000_iOS.txt,PAUL,KALIYAH,Little Debbie Snck,1,2.79,2.5,19,False,2025-05-03 16:29:00,0.29000000000000004,46.14,148.0
20251106_031131000_iOS.txt,PAUL,KALIYAH,k&l Milk,1,5.29,4.29,19,False,2025-05-03 16:29:00,1.0,46.14,148.0
20251106_031131000_iOS.txt,PAUL,KALIYAH,Slim Jim Jerky,1,1.79,1.79,19,False,2025-05-03 16:29:00,0.0,46.14,148.0
20251106_031131000_iOS.txt,PAUL,KALIYAH,SUAVE SWEET PEA BW,1,3.49,3.49,19,False,2025-05-03 16:29:00,0.0,46.14,148.0
20251106_031131000_iOS.txt,PAUL,KALIYAH,Hershey's Syrup,1,4.99,4.99,19,False,2025-05-03 16:29:00,0.0,46.14,148.0
20251106_031131000_iOS.txt,PAUL,KALIYAH,SEG Jumbo Biscuit,1,3.39,3.39,19,False,2025-05-03 16:29:00,0.0,46.14,148.0
20251106_031131000_iOS.txt,PAUL,KALIYAH,Philadlph Crm Chse,1,4.59,4.59,19,False,2025-05-03 16:29:00,0.0,46.14,148.0
20251106_031131000_iOS.txt,PAUL,KALIYAH,SpaghettiOs Pasta,2,3.18,3.18,19,False,2025-05-03 16:29:00,0.0,46.14,148.0
20251106_031131000_iOS.txt,PAUL,KALIYAH,Bush's Best Beans,1,1.89,1.89,19,False,2025-05-03 16:29:00,0.0,46.14,148.0
20251106_031131000_iOS.txt,PAUL,KALIYAH,Hubba Bubba Gum,1,1.79,1.79,19,False,2025-05-03 16:29:00,0.0,46.14,148.0
20251106_031131000_iOS.txt,PAUL,KALIYAH,SEG Turkey,1,10.19,7.13,19,False,2025-05-03 16:29:00,3.0599999999999996,46.14,148.0
20251106_031131000_iOS.txt,PAUL,KALIYAH,Top Sirloin Steak,1,12.09,7.69,19,False,2025-05-03 16:29:00,4.3999999999999995,46.14,148.0
20251106_031131000_iOS.txt,PAUL,KALIYAH,Chicken Leg,1,12.64,6.31,19,False,2025-05-03 16:29:00,6.330000000000001,46.14,148.0
20251106_031146000_iOS.txt,PAUL,ACM LANE _091,Danimals Smoothie,1,3.89,3.89,21,False,2025-04-29 18:34:00,0.0,13.180000000000001,92.44
20251106_031146000_iOS.txt,PAUL,ACM LANE _091,Cheetos,1,0.59,0.59,21,False,2025-04-29 18:34:00,0.0,13.180000000000001,92.44
20251106_031146000_iOS.txt,PAUL,ACM LANE _091,SEG Canned Fruit,1,1.99,1.99,21,False,2025-04-29 18:34:00,0.0,13.180000000000001,92.44
20251106_031146000_iOS.txt,PAUL,ACM LANE _091,k&l Sweet Peas,1,1.49,1.19,21,False,2025-04-29 18:34:00,0.30000000000000004,13.180000000000001,92.44
20251106_031146000_iOS.txt,PAUL,ACM LANE _091,SpaghettiOs Pasta,1,1.59,1.59,21,False,2025-04-29 18:34:00,0.0,13.180000000000001,92.44
20251106_031146000_iOS.txt,PAUL,ACM LANE _091,Chips Ahoy Cookies,1,3.79,3.79,21,False,2025-04-29 18:34:00,0.0,13.180000000000001,92.44
20251106_031146000_iOS.txt,PAUL,ACM LANE _091,Wheat Thins Crackr,1,4.39,4.39,21,False,2025-04-29 18:34:00,0.0,13.180000000000001,92.44
20251106_031146000_iOS.txt,PAUL,ACM LANE _091,Knorr Rice Sides,1,1.59,1.25,21,False,2025-04-29 18:34:00,0.3400000000000001,13.180000000000001,92.44
20251106_031146000_iOS.txt,PAUL,ACM LANE _091,Chobani Yogurt,1,1.79,1.79,21,False,2025-04-29 18:34:00,0.0,13.180000000000001,92.44
20251106_031146000_iOS.txt,PAUL,ACM LANE _091,Sparkling Ice Wtr,1,1.29,0.98,21,False,2025-04-29 18:34:00,0.31000000000000005,13.180000000000001,92.44
20251106_031146000_iOS.txt,PAUL,ACM LANE _091,Sparkling Ice Wtr,2,2.58,1.96,21,False,2025-04-29 18:34:00,0.6200000000000001,13.180000000000001,92.44
20251106_031146000_iOS.txt,PAUL,ACM LANE _091,Sparkling Ice Wtr,1,1.29,0.98,21,False,2025-04-29 18:34:00,0.31000000000000005,13.180000000000001,92.44
20251106_031146000_iOS.txt,PAUL,ACM LANE _091,Sparkling Ice Wtr,1,1.29,0.98,21,False,2025-04-29 18:34:00,0.31000000000000005,13.180000000000001,92.44
20251106_031146000_iOS.txt,PAUL,ACM LANE _091,Chicken Cutlet,1,9.3,7.04,21,False,2025-04-29 18:34:00,2.2600000000000007,13.180000000000001,92.44
20251106_031146000_iOS.txt,PAUL,ACM LANE _091,Pork Chops,1,5.65,5.65,21,False,2025-04-29 18:34:00,0.0,13.180000000000001,92.44
20251106_031146000_iOS.txt,PAUL,ACM LANE _091,wr Apples,1,2.34,1.87,21,False,2025-04-29 18:34:00,0.46999999999999975,13.180000000000001,92.44
20251106_031146000_iOS.txt,PAUL,ACM LANE _091,QTY 3. Yellow Corn,1,2.67,1.0,21,False,2025-04-29 18:34:00,1.67,13.180000000000001,92.44
20251106_031146000_iOS.txt,PAUL,ACM LANE _091,k&l Milk,1,5.29,5.29,21,False,2025-04-29 18:34:00,0.0,13.180000000000001,92.44
IMG_9618.txt,PAUL,JEREMY,Fanta Soda,1,9.99,4.99,4,True,2025-04-01 17:45:00,5.0,6.0,26.96
IMG_9618.txt,PAUL,JEREMY,Minute Maid Lmnade,1,9.99,9.99,4,True,2025-04-01 17:45:00,0.0,6.0,26.96
IMG_9618.txt,PAUL,JEREMY,Blue Bell IceCream,1,8.99,8.99,4,True,2025-04-01 17:45:00,0.0,6.0,26.96
IMG_9618.txt,PAUL,JEREMY,Strbucks Frppccino,1,3.99,2.99,4,True,2025-04-01 17:45:00,1.0,6.0,26.96
IMG_9622.txt,PAUL,KAREN,Fanta Soda,1,9.99,5.99,11,True,2025-04-08 11:50:00,4.0,36.0,61.19
IMG_9622.txt,PAUL,KAREN,Smucker's Spread,1,3.99,3.99,11,True,2025-04-08 11:50:00,0.0,36.0,61.19
IMG_9622.txt,PAUL,KAREN,smucker's Jelly,1,3.29,3.29,11,True,2025-04-08 11:50:00,0.0,36.0,61.19
IMG_9622.txt,PAUL,KAREN,CocaCola Soda,8,79.92,47.92,11,True,2025-04-08 11:50:00,32.0,36.0,61.19
IMG_9623.txt,PAUL,ACM LANE_73,TH NEAPOLTN IC,1,5.99,5.99,2,True,2025-04-08 20:54:00,0.0,0.0,10.58
IMG_9623.txt,PAUL,ACM LANE_73,Ritz Crackers,1,4.59,4.59,2,True,2025-04-08 20:54:00,0.0,0.0,10.58
IMG_9624.txt,PAUL,ACM LANE_74,Nutella Spread,1,2.19,1.67,9,True,2025-04-10 19:20:00,0.52,7.38,33.31
IMG_9624.txt,PAUL,ACM LANE_74,Annie Chun's Bowl,1,4.79,4.79,9,True,2025-04-10 19:20:00,0.0,7.38,33.31
IMG_9624.txt,PAUL,ACM LANE_74,Smucker's Uncrstbl,1,4.29,4.29,9,True,2025-04-10 19:20:00,0.0,7.38,33.31
IMG_9624.txt,PAUL,ACM LANE_74,Kraft Mac & Cheese,1,1.99,1.25,9,True,2025-04-10 19:20:00,0.74,7.38,33.31
IMG_9624.txt,PAUL,ACM LANE_74,Red Baron Pizza,1,9.99,6.99,9,True,2025-04-10 19:20:00,3.0,7.38,33.31
IMG_9624.txt,PAUL,ACM LANE_74,Bunny Bread,1,3.49,2.5,9,True,2025-04-10 19:20:00,0.9900000000000002,7.38,33.31
IMG_9624.txt,PAUL,ACM LANE_74,Beef Cubed Steak,1,8.07,5.94,9,True,2025-04-10 19:20:00,2.13,7.38,33.31
IMG_9624.txt,PAUL,ACM LANE_74,Prairie Farm Milk,1,2.39,2.39,9,True,2025-04-10 19:20:00,0.0,7.38,33.31
IMG_9624.txt,PAUL,ACM LANE_74,k&l Milk,1,3.49,3.49,9,True,2025-04-10 19:20:00,0.0,7.38,33.31
IMG_9625.txt,PAUL,DIANA,Minute Maid Lmnade,2,19.98,14.98,11,True,2025-04-12 13:26:00,5.0,12.1,45.19
IMG_9625.txt,PAUL,DIANA,D&W Turkey,1,7.27,5.03,11,True,2025-04-12 13:26:00,2.2399999999999993,12.1,45.19
IMG_9625.txt,PAUL,DIANA,D&W Cheese,1,3.52,2.88,11,True,2025-04-12 13:26:00,0.6400000000000001,12.1,45.19
IMG_9625.txt,PAUL,DIANA,SEG PNCK POUCH,1,0.99,0.99,11,True,2025-04-12 13:26:00,0.0,12.1,45.19
IMG_9625.txt,PAUL,DIANA,4 Star Roast Beef,1,6.77,6.77,11,True,2025-04-12 13:26:00,0.0,12.1,45.19
IMG_9625.txt,PAUL,DIANA,Chicken Thighs,1,10.51,6.29,11,True,2025-04-12 13:26:00,4.22,12.1,45.19
IMG_9625.txt,PAUL,DIANA,Nissin Noodle Soup,1,1.49,1.49,11,True,2025-04-12 13:26:00,0.0,12.1,45.19
IMG_9625.txt,PAUL,DIANA,wr Bananas,1,0.77,0.77,11,True,2025-04-12 13:26:00,0.0,12.1,45.19
IMG_9625.txt,PAUL,DIANA,Taylor Farms Green,1,3.99,3.99,11,True,2025-04-12 13:26:00,0.0,12.1,45.19
IMG_9625.txt,PAUL,DIANA,SEG Green Grapes,1,2.0,2.0,11,True,2025-04-12 13:26:00,0.0,12.1,45.19
IMG_9628.txt,PAUL,MICHAEL,Butterball Turkey,1,6.37,6.37,15,True,2025-04-23 17:57:00,0.0,14.3,71.24
IMG_9628.txt,PAUL,MICHAEL,D&W Cheese,1,6.7,6.7,15,True,2025-04-23 17:57:00,0.0,14.3,71.24
IMG_9628.txt,PAUL,MICHAEL,Manda Sausage,1,4.99,4.99,15,True,2025-04-23 17:57:00,0.0,14.3,71.24
IMG_9628.txt,PAUL,MICHAEL,DR PEPPER 12PK,1,9.99,5.99,15,True,2025-04-23 17:57:00,4.0,14.3,71.24
IMG_9628.txt,PAUL,MICHAEL,Fanta Soda,1,9.99,5.99,15,True,2025-04-23 17:57:00,4.0,14.3,71.24
IMG_9628.txt,PAUL,MICHAEL,Minute Maid Lmnade,1,9.99,5.99,15,True,2025-04-23 17:57:00,4.0,14.3,71.24
IMG_9628.txt,PAUL,MICHAEL,Cocoa Krispies Crl,1,5.49,5.49,15,True,2025-04-23 17:57:00,0.0,14.3,71.24
IMG_9628.txt,PAUL,MICHAEL,Lotus Cookie Buttr,1,6.59,5.89,15,True,2025-04-23 17:57:00,0.7000000000000002,14.3,71.24
IMG_9628.txt,PAUL,MICHAEL,Annie Chun's Bowl,1,4.79,4.79,15,True,2025-04-23 17:57:00,0.0,14.3,71.24
IMG_9628.txt,PAUL,MICHAEL,MONSTER ULTRA FANT,1,2.99,2.99,15,True,2025-04-23 17:57:00,0.0,14.3,71.24
IMG_9628.txt,PAUL,MICHAEL,Bomb Pop Popsicles,1,4.49,3.49,15,True,2025-04-23 17:57:00,1.0,14.3,71.24
IMG_9628.txt,PAUL,MICHAEL,k&l Kidney Beans,1,1.29,0.99,15,True,2025-04-23 17:57:00,0.30000000000000004,14.3,71.24
IMG_9628.txt,PAUL,MICHAEL,Blue Runner Beans,1,3.69,3.69,15,True,2025-04-23 17:57:00,0.0,14.3,71.24
IMG_9628.txt,PAUL,MICHAEL,k&l Corn,1,1.19,0.89,15,True,2025-04-23 17:57:00,0.29999999999999993,14.3,71.24
IMG_9628.txt,PAUL,MICHAEL,DIGIORNO PIZZA,1,6.99,6.99,15,True,2025-04-23 17:57:00,0.0,14.3,71.24
IMG_9629.txt,PAUL,ACM LANE_73,KELLOGG APL JCK GT,1,7.49,7.49,20,True,2025-04-28 20:06:00,0.0,33.9,115.60000000000001
IMG_9629.txt,PAUL,ACM LANE_73,CocaCola Soda,8,79.92,47.92,20,True,2025-04-28 20:06:00,32.0,33.9,115.60000000000001
IMG_9629.txt,PAUL,ACM LANE_73,Red Baron Pizza,1,9.99,9.99,20,True,2025-04-28 20:06:00,0.0,33.9,115.60000000000001
IMG_9629.txt,PAUL,ACM LANE_73,Hugbi Pies,2,5.38,5.38,20,True,2025-04-28 20:06:00,0.0,33.9,115.60000000000001
IMG_9629.txt,PAUL,ACM LANE_73,Quaker Instnt Grts,1,6.79,6.79,20,True,2025-04-28 20:06:00,0.0,33.9,115.60000000000001
IMG_9629.txt,PAUL,ACM LANE_73,Rght Grd Ddrnt,1,6.99,6.99,20,True,2025-04-28 20:06:00,0.0,33.9,115.60000000000001
IMG_9629.txt,PAUL,ACM LANE_73,Degree Dry Spray,1,7.19,7.19,20,True,2025-04-28 20:06:00,0.0,33.9,115.60000000000001
IMG_9629.txt,PAUL,ACM LANE_73,Bacon Inst Grits,1,4.49,4.49,20,True,2025-04-28 20:06:00,0.0,33.9,115.60000000000001
IMG_9629.txt,PAUL,ACM LANE_73,Dewafelbakkr Pncks,2,8.58,6.98,20,True,2025-04-28 20:06:00,1.5999999999999996,33.9,115.60000000000001
IMG_9629.txt,PAUL,ACM LANE_73,SE Grocers Bread,1,2.79,2.49,20,True,2025-04-28 20:06:00,0.2999999999999998,33.9,115.60000000000001
IMG_9629.txt,PAUL,ACM LANE_73,Peter Pan Pnt Bttr,1,9.89,9.89,20,True,2025-04-28 20:06:00,0.0,33.9,115.60000000000001
IMG_9630.txt,PAUL,ACM LANE _091,Danimals Smoothie,1,3.89,3.89,21,False,2025-04-29 18:34:00,0.0,13.180000000000001,92.44
IMG_9630.txt,PAUL,ACM LANE _091,Cheetos,1,0.59,0.59,21,False,2025-04-29 18:34:00,0.0,13.180000000000001,92.44
IMG_9630.txt,PAUL,ACM LANE _091,SEG Canned Fruit,1,1.99,1.99,21,False,2025-04-29 18:34:00,0.0,13.180000000000001,92.44
IMG_9630.txt,PAUL,ACM LANE _091,k&l Sweet Peas,1,1.49,1.19,21,False,2025-04-29 18:34:00,0.30000000000000004,13.180000000000001,92.44
IMG_9630.txt,PAUL,ACM LANE _091,SpaghettiOs Pasta,1,1.59,1.59,21,False,2025-04-29 18:34:00,0.0,13.180000000000001,92.44
IMG_9630.txt,PAUL,ACM LANE _091,Chips Ahoy Cookies,1,3.79,3.79,21,False,2025-04-29 18:34:00,0.0,13.180000000000001,92.44
IMG_9630.txt,PAUL,ACM LANE _091,Wheat Thins Crackr,1,4.39,4.39,21,False,2025-04-29 18:34:00,0.0,13.180000000000001,92.44
IMG_9630.txt,PAUL,ACM LANE _091,Knorr Rice Sides,1,1.59,1.25,21,False,2025-04-29 18:34:00,0.3400000000000001,13.180000000000001,92.44
IMG_9630.txt,PAUL,ACM LANE _091,Chobani Yogurt,1,1.79,1.79,21,False,2025-04-29 18:34:00,0.0,13.180000000000001,92.44
IMG_9630.txt,PAUL,ACM LANE _091,Sparkling Ice Wtr,1,1.29,0.98,21,False,2025-04-29 18:34:00,0.31000000000000005,13.180000000000001,92.44
IMG_9630.txt,PAUL,ACM LANE _091,Sparkling Ice Wtr,2,2.58,1.96,21,False,2025-04-29 18:34:00,0.6200000000000001,13.180000000000001,92.44
IMG_9630.txt,PAUL,ACM LANE _091,Sparkling Ice Wtr,1,1.29,0.98,21,False,2025-04-29 18:34:00,0.31000000000000005,13.180000000000001,92.44
IMG_9630.txt,PAUL,ACM LANE _091,Sparkling Ice Wtr,1,1.29,0.98,21,False,2025-04-29 18:34:00,0.31000000000000005,13.180000000000001,92.44
IMG_9630.txt,PAUL,ACM LANE _091,Chicken Cutlet,1,9.3,7.04,21,False,2025-04-29 18:34:00,2.2600000000000007,13.180000000000001,92.44
IMG_9630.txt,PAUL,ACM LANE _091,Pork Chops,1,5.65,5.65,21,False,2025-04-29 18:34:00,0.0,13.180000000000001,92.44
IMG_9630.txt,PAUL,ACM LANE _091,wr Apples,1,2.34,1.87,21,False,2025-04-29 18:34:00,0.46999999999999975,13.180000000000001,92.44
IMG_9630.txt,PAUL,ACM LANE _091,QTY 3. Yellow Corn,1,2.67,1.0,21,False,2025-04-29 18:34:00,1.67,13.180000000000001,92.44
IMG_9630.txt,PAUL,ACM LANE _091,k&l Milk,1,5.29,5.29,21,False,2025-04-29 18:34:00,0.0,13.180000000000001,92.44
IMG_9631.txt,PAUL,KALIYAH,Bunny Bread,1,3.99,3.99,19,False,2025-05-03 16:29:00,0.0,46.14,148.0
IMG_9631.txt,PAUL,KALIYAH,NABISCO MINI VARTY,2,15.98,7.99,19,False,2025-05-03 16:29:00,7.99,46.14,148.0
IMG_9631.txt,PAUL,KALIYAH,Blue Bell IceCream,1,8.99,8.99,19,False,2025-05-03 16:29:00,0.0,46.14,148.0
IMG_9631.txt,PAUL,KALIYAH,Little Debbie Snck,1,2.79,2.5,19,False,2025-05-03 16:29:00,0.29000000000000004,46.14,148.0
IMG_9631.txt,PAUL,KALIYAH,k&l Milk,1,5.29,4.29,19,False,2025-05-03 16:29:00,1.0,46.14,148.0
IMG_9631.txt,PAUL,KALIYAH,Slim Jim Jerky,1,1.79,1.79,19,False,2025-05-03 16:29:00,0.0,46.14,148.0
IMG_9631.txt,PAUL,KALIYAH,SUAVE SWEET PEA BW,1,3.49,3.49,19,False,2025-05-03 16:29:00,0.0,46.14,148.0
IMG_9631.txt,PAUL,KALIYAH,Hershey's Syrup,1,4.99,4.99,19,False,2025-05-03 16:29:00,0.0,46.14,148.0
IMG_9631.txt,PAUL,KALIYAH,SEG Jumbo Biscuit,1,3.39,3.39,19,False,2025-05-03 16:29:00,0.0,46.14,148.0
IMG_9631.txt,PAUL,KALIYAH,Philadlph Crm Chse,1,4.59,4.59,19,False,2025-05-03 16:29:00,0.0,46.14,148.0
IMG_9631.txt,PAUL,KALIYAH,SpaghettiOs Pasta,2,3.18,3.18,19,False,2025-05-03 16:29:00,0.0,46.14,148.0
IMG_9631.txt,PAUL,KALIYAH,Bush's Best Beans,1,1.89,1.89,19,False,2025-05-03 16:29:00,0.0,46.14,148.0
IMG_9631.txt,PAUL,KALIYAH,Hubba Bubba Gum,1,1.79,1.79,19,False,2025-05-03 16:29:00,0.0,46.14,148.0
IMG_9631.txt,PAUL,KALIYAH,SEG Turkey,1,10.19,7.13,19,False,2025-05-03 16:29:00,3.0599999999999996,46.14,148.0
IMG_9631.txt,PAUL,KALIYAH,Top Sirloin Steak,1,12.09,7.69,19,False,2025-05-03 16:29:00,4.3999999999999995,46.14,148.0
IMG_9631.txt,PAUL,KALIYAH,Chicken Leg,1,12.64,6.31,19,False,2025-05-03 16:29:00,6.330000000000001,46.14,148.0
IMG_9634.txt,PAUL,ACM LANE_73,Pearl Millng Syrup,1,4.79,3.0,9,False,2025-05-10 17:02:00,1.79,43.58,108.64
IMG_9634.txt,PAUL,ACM LANE_73,Hugbi Pies,2,5.38,5.38,9,False,2025-05-10 17:02:00,0.0,43.58,108.64
IMG_9634.txt,PAUL,ACM LANE_73,HALLMARK ITEM,1,5.99,5.99,9,False,2025-05-10 17:02:00,0.0,43.58,108.64
IMG_9634.txt,PAUL,ACM LANE_73,QTY 3. DR PEPPER 12PK,1,29.97,17.97,9,False,2025-05-10 17:02:00,12.0,43.58,108.64
IMG_9634.txt,PAUL,ACM LANE_73,Coca Cola Cola,2,29.98,21.98,9,False,2025-05-10 17:02:00,8.0,43.58,108.64
IMG_9635.txt,PAUL,ACM LANE _092,k&l Milk,1,5.29,5.29,2,True,2025-05-15 20:19:00,0.0,0.0,18.560000000000002
IMG_9635.txt,PAUL,ACM LANE _092,Sno-Balls To Go,1,3.99,3.99,2,True,2025-05-15 20:19:00,0.0,0.0,18.560000000000002
IMG_9636.txt,PAUL,ZACHARY,Bunny Bread,1,3.99,3.99,23,True,2025-05-18 15:15:00,0.0,22.220000000000006,155.4
IMG_9636.txt,PAUL,ZACHARY,Success Rice,1,2.79,2.79,23,True,2025-05-18 15:15:00,0.0,22.220000000000006,155.4
IMG_9636.txt,PAUL,ZACHARY,k&l Peas & Carrots,1,2.29,1.67,23,True,2025-05-18 15:15:00,0.6200000000000001,22.220000000000006,155.4
IMG_9636.txt,PAUL,ZACHARY,Kraft Mac & Cheese,2,3.98,1.99,23,True,2025-05-18 15:15:00,1.99,22.220000000000006,155.4
IMG_9636.txt,PAUL,ZACHARY,Hormel Pepperoni,1,5.79,4.0,23,True,2025-05-18 15:15:00,1.79,22.220000000000006,155.4
IMG_9636.txt,PAUL,ZACHARY,SBUX ICED ENERGY,1,3.29,3.29,23,True,2025-05-18 15:15:00,0.0,22.220000000000006,155.4
IMG_9636.txt,PAUL,ZACHARY,Blue Runner Beans,1,3.69,3.69,23,True,2025-05-18 15:15:00,0.0,22.220000000000006,155.4
IMG_9636.txt,PAUL,ZACHARY,k&l Kidney Beans,1,1.29,0.99,23,True,2025-05-18 15:15:00,0.30000000000000004,22.220000000000006,155.4
IMG_9636.txt,PAUL,ZACHARY,Knorr Rice Sides,1,1.59,0.99,23,True,2025-05-18 15:15:00,0.6000000000000001,22.220000000000006,155.4
IMG_9636.txt,PAUL,ZACHARY,D&W Cheese,1,3.52,3.52,23,True,2025-05-18 15:15:00,0.0,22.220000000000006,155.4
IMG_9636.txt,PAUL,ZACHARY,Kraft Cheese,1,3.99,3.99,23,True,2025-05-18 15:15:00,0.0,22.220000000000006,155.4
IMG_9636.txt,PAUL,ZACHARY,SEG Turkey,1,10.49,10.49,23,True,2025-05-18 15:15:00,0.0,22.220000000000006,155.4
IMG_9636.txt,PAUL,ZACHARY,Chobani Yogurt,1,1.79,1.79,23,True,2025-05-18 15:15:00,0.0,22.220000000000006,155.4
IMG_9636.txt,PAUL,ZACHARY,SEG Light Cream,1,3.49,3.49,23,True,2025-05-18 15:15:00,0.0,22.220000000000006,155.4
IMG_9636.txt,PAUL,ZACHARY,Dole Shred Lettuce,1,3.49,3.49,23,True,2025-05-18 15:15:00,0.0,22.220000000000006,155.4
IMG_9636.txt,PAUL,ZACHARY,wr Tomatoes,1,1.57,0.94,23,True,2025-05-18 15:15:00,0.6300000000000001,22.220000000000006,155.4
IMG_9636.txt,PAUL,ZACHARY,Manda Sausage,1,4.99,4.0,23,True,2025-05-18 15:15:00,0.9900000000000002,22.220000000000006,155.4
IMG_9636.txt,PAUL,ZACHARY,wr Bananas,1,1.25,1.25,23,True,2025-05-18 15:15:00,0.0,22.220000000000006,155.4
IMG_9636.txt,PAUL,ZACHARY,Ground Beef,1,6.47,5.39,23,True,2025-05-18 15:15:00,1.08,22.220000000000006,155.4
IMG_9636.txt,PAUL,ZACHARY,SF TENDERLOINS VP,1,11.88,8.77,23,True,2025-05-18 15:15:00,3.110000000000001,22.220000000000006,155.4
IMG_9636.txt,PAUL,ZACHARY,k&l Milk,1,5.29,5.29,23,True,2025-05-18 15:15:00,0.0,22.220000000000006,155.4
IMG_9636.txt,PAUL,ZACHARY,Bush's Best Beans,1,1.89,1.89,23,True,2025-05-18 15:15:00,0.0,22.220000000000006,155.4
IMG_9639.txt,PAUL,ACM LANE_73,SEG Ice Cream Cone,1,4.99,2.99,4,True,2025-05-31 21:01:00,2.0,11.18,29.14
IMG_9639.txt,PAUL,ACM LANE_73,DIGIORNO PIZZA,1,6.99,3.99,4,True,2025-05-31 21:01:00,3.0,11.18,29.14
IMG_9639.txt,PAUL,ACM LANE_73,Lotus Cookie Buttr,1,6.59,6.59,4,True,2025-05-31 21:01:00,0.0,11.18,29.14
IMG_9639.txt,PAUL,ACM LANE_73,SpaghettiOs Pasta,1,1.59,1.0,4,True,2025-05-31 21:01:00,0.5900000000000001,11.18,29.14
IMG_9640.txt,STEPHEN,TRISTIN,Bunny Bread,1,3.99,3.99,16,True,2025-06-01 18:31:00,0.0,17.900000000000002,91.52
IMG_9640.txt,STEPHEN,TRISTIN,Fresh Meats,1,7.06,6.66,16,True,2025-06-01 18:31:00,0.39999999999999947,17.900000000000002,91.52
IMG_9640.txt,STEPHEN,TRISTIN,k&l Milk,1,5.29,4.29,16,True,2025-06-01 18:31:00,1.0,17.900000000000002,91.52
IMG_9640.txt,STEPHEN,TRISTIN,Oscar Mayer Lnchbl,1,1.99,1.5,16,True,2025-06-01 18:31:00,0.49,17.900000000000002,91.52
IMG_9640.txt,STEPHEN,TRISTIN,Chobani Yogurt,2,3.58,2.5,16,True,2025-06-01 18:31:00,1.08,17.900000000000002,91.52
IMG_9640.txt,STEPHEN,TRISTIN,SE Grocers Pasta,1,1.79,1.25,16,True,2025-06-01 18:31:00,0.54,17.900000000000002,91.52
IMG_9640.txt,STEPHEN,TRISTIN,SEG Turkey,1,9.59,6.71,16,True,2025-06-01 18:31:00,2.88,17.900000000000002,91.52
IMG_9640.txt,STEPHEN,TRISTIN,k&l Corn,1,1.19,0.89,16,True,2025-06-01 18:31:00,0.29999999999999993,17.900000000000002,91.52
IMG_9640.txt,STEPHEN,TRISTIN,k&l Diced Tomatoes,1,1.29,0.99,16,True,2025-06-01 18:31:00,0.30000000000000004,17.900000000000002,91.52
IMG_9640.txt,STEPHEN,TRISTIN,Nutella Spread,1,2.49,2.49,16,True,2025-06-01 18:31:00,0.0,17.900000000000002,91.52
IMG_9640.txt,STEPHEN,TRISTIN,Coffee Mate Creamr,1,4.49,4.49,16,True,2025-06-01 18:31:00,0.0,17.900000000000002,91.52
IMG_9640.txt,STEPHEN,TRISTIN,Lunchables Snack,2,5.98,5.0,16,True,2025-06-01 18:31:00,0.9800000000000004,17.900000000000002,91.52
IMG_9640.txt,STEPHEN,TRISTIN,Lunchables Snack,1,2.99,2.5,16,True,2025-06-01 18:31:00,0.4900000000000002,17.900000000000002,91.52
IMG_9640.txt,STEPHEN,TRISTIN,OM BASICS HAM-AMER,1,2.99,2.5,16,True,2025-06-01 18:31:00,0.4900000000000002,17.900000000000002,91.52
IMG_9641.txt,PAUL,ACM LANE_73,Smucker's Jelly,2,6.58,6.58,8,False,2025-06-06 22:17:00,0.0,0.0,53.84
IMG_9641.txt,PAUL,ACM LANE_73,Sno-Balls To Go,1,3.99,3.99,8,False,2025-06-06 22:17:00,0.0,0.0,53.84
IMG_9641.txt,PAUL,ACM LANE_73,Sno-Balls To Go,1,3.99,3.99,8,False,2025-06-06 22:17:00,0.0,0.0,53.84
IMG_9641.txt,PAUL,ACM LANE_73,Dewafelbakkr Pncks,1,4.29,4.29,8,False,2025-06-06 22:17:00,0.0,0.0,53.84
IMG_9641.txt,PAUL,ACM LANE_73,QTY 3. Hugbi Pies,1,8.07,8.07,8,False,2025-06-06 22:17:00,0.0,0.0,53.84
IMG_9642.txt,PAUL,KIMBERLY,Fanta Soda,1,9.99,4.99,9,True,2025-06-07 13:18:00,5.0,22.98,92.66
IMG_9642.txt,PAUL,KIMBERLY,Minute Maid Lmnade,1,9.99,9.99,9,True,2025-06-07 13:18:00,0.0,22.98,92.66
IMG_9642.txt,PAUL,KIMBERLY,Smucker's Spread,1,3.99,3.99,9,True,2025-06-07 13:18:00,0.0,22.98,92.66
IMG_9642.txt,PAUL,KIMBERLY,Blue Plate Mynnase,2,9.98,4.99,9,True,2025-06-07 13:18:00,4.99,22.98,92.66
IMG_9642.txt,PAUL,KIMBERLY,HSWT Thk Bacon,1,4.99,4.99,9,True,2025-06-07 13:18:00,0.0,22.98,92.66
IMG_9642.txt,PAUL,KIMBERLY,D&W Cheese,1,5.5,4.0,9,True,2025-06-07 13:18:00,1.5,22.98,92.66
IMG_9642.txt,PAUL,KIMBERLY,SEG Turkey,1,9.39,9.39,9,True,2025-06-07 13:18:00,0.0,22.98,92.66
IMG_9642.txt,PAUL,KIMBERLY,Bunny Bread,1,3.99,3.99,9,True,2025-06-07 13:18:00,0.0,22.98,92.66
IMG_9643.txt,PAUL,AMY,wr Russet Potato,1,4.5,3.82,25,False,2025-06-08 20:18:00,0.6800000000000002,41.2,191.98000000000002
IMG_9643.txt,PAUL,AMY,k&l Cheese,1,7.49,4.99,25,False,2025-06-08 20:18:00,2.5,41.2,191.98000000000002
IMG_9643.txt,PAUL,AMY,k&l Milk,1,5.29,5.29,25,False,2025-06-08 20:18:00,0.0,41.2,191.98000000000002
IMG_9643.txt,PAUL,AMY,k&l Milk,1,3.49,2.74,25,False,2025-06-08 20:18:00,0.75,41.2,191.98000000000002
IMG_9643.txt,PAUL,AMY,Annie Chun's Bowl,1,4.79,4.79,25,False,2025-06-08 20:18:00,0.0,41.2,191.98000000000002
IMG_9643.txt,PAUL,AMY,Chobani Yogurt,2,3.58,3.58,25,False,2025-06-08 20:18:00,0.0,41.2,191.98000000000002
IMG_9643.txt,PAUL,AMY,k&l Corn,1,1.19,0.89,25,False,2025-06-08 20:18:00,0.29999999999999993,41.2,191.98000000000002
IMG_9643.txt,PAUL,AMY,Sunny Meadows Eggs,1,3.99,3.99,25,False,2025-06-08 20:18:00,0.0,41.2,191.98000000000002
IMG_9643.txt,PAUL,AMY,Smucker's Syrup,1,3.59,2.5,25,False,2025-06-08 20:18:00,1.0899999999999999,41.2,191.98000000000002
IMG_9643.txt,PAUL,AMY,Chobani Yogurt,1,6.49,6.49,25,False,2025-06-08 20:18:00,0.0,41.2,191.98000000000002
IMG_9643.txt,PAUL,AMY,Strawberries,3,14.97,10.01,25,False,2025-06-08 20:18:00,4.960000000000001,41.2,191.98000000000002
IMG_9643.txt,PAUL,AMY,Blueberries,1,5.99,3.33,25,False,2025-06-08 20:18:00,2.66,41.2,191.98000000000002
IMG_9643.txt,PAUL,AMY,Two-Bite Cupcakes,1,4.99,3.74,25,False,2025-06-08 20:18:00,1.25,41.2,191.98000000000002
IMG_9643.txt,PAUL,AMY,Philadelphia Chse,1,4.59,4.59,25,False,2025-06-08 20:18:00,0.0,41.2,191.98000000000002
IMG_9643.txt,PAUL,AMY,Ground Beef,1,6.3,5.81,25,False,2025-06-08 20:18:00,0.4900000000000002,41.2,191.98000000000002
IMG_9643.txt,PAUL,AMY,Beef Cubed Steak,1,6.4,5.48,25,False,2025-06-08 20:18:00,0.9199999999999999,41.2,191.98000000000002
IMG_9643.txt,PAUL,AMY,Lunchables Snack,1,2.99,2.99,25,False,2025-06-08 20:18:00,0.0,41.2,191.98000000000002
IMG_9643.txt,PAUL,AMY,Lunchables Snack,1,2.99,2.99,25,False,2025-06-08 20:18:00,0.0,41.2,191.98000000000002
IMG_9643.txt,PAUL,AMY,Lunchables Snack,1,2.99,2.99,25,False,2025-06-08 20:18:00,0.0,41.2,191.98000000000002
IMG_9643.txt,PAUL,AMY,CocaCola Soda,2,19.98,14.98,25,False,2025-06-08 20:18:00,5.0,41.2,191.98000000000002
IMG_9644.txt,PAUL,ACM LANE_73,Little Hug Drink,1,5.99,4.99,1,True,2025-06-09 20:39:00,1.0,2.0,9.98
IMG_9645.txt,PAUL,KALIYAH,k&l Water,1,2.99,2.99,3,True,2025-06-14 18:01:00,0.0,0.0,40.94
IMG_9645.txt,PAUL,KALIYAH,Purex Detergent,1,11.99,11.99,3,True,2025-06-14 18:01:00,0.0,0.0,40.94
IMG_9645.txt,PAUL,KALIYAH,Fairlife Milk,1,5.49,5.49,3,True,2025-06-14 18:01:00,0.0,0.0,40.94
IMG_9649.txt,PAUL,KHALESE,GAIN LQ HEC OXI WD,1,10.79,5.49,14,True,2025-06-22 17:27:00,5.299999999999999,25.62,107.24000000000001
IMG_9649.txt,PAUL,KHALESE,k&l Milk,1,5.29,5.29,14,True,2025-06-22 17:27:00,0.0,25.62,107.24000000000001
IMG_9649.txt,PAUL,KHALESE,BB MINI SWIRL CONE,1,5.99,3.0,14,True,2025-06-22 17:27:00,2.99,25.62,107.24000000000001
IMG_9649.txt,PAUL,KHALESE,Oscar Mayer Lnchbl,1,1.99,1.99,14,True,2025-06-22 17:27:00,0.0,25.62,107.24000000000001
IMG_9649.txt,PAUL,KHALESE,Lunchables Snack,1,2.99,2.5,14,True,2025-06-22 17:27:00,0.4900000000000002,25.62,107.24000000000001
IMG_9649.txt,PAUL,KHALESE,Lunchables Snack,1,2.99,2.5,14,True,2025-06-22 17:27:00,0.4900000000000002,25.62,107.24000000000001
IMG_9649.txt,PAUL,KHALESE,Nutella Spread,1,2.49,2.49,14,True,2025-06-22 17:27:00,0.0,25.62,107.24000000000001
IMG_9649.txt,PAUL,KHALESE,SEG Turkey,1,5.84,5.84,14,True,2025-06-22 17:27:00,0.0,25.62,107.24000000000001
IMG_9649.txt,PAUL,KHALESE,D&W Cheese,1,3.79,3.79,14,True,2025-06-22 17:27:00,0.0,25.62,107.24000000000001
IMG_9649.txt,PAUL,KHALESE,Chobani Yogurt,2,3.58,3.58,14,True,2025-06-22 17:27:00,0.0,25.62,107.24000000000001
IMG_9649.txt,PAUL,KHALESE,Chicken Cutlet,1,8.81,6.67,14,True,2025-06-22 17:27:00,2.1400000000000006,25.62,107.24000000000001
IMG_9649.txt,PAUL,KHALESE,Boneless Pork Ribs,1,8.39,6.99,14,True,2025-06-22 17:27:00,1.4000000000000004,25.62,107.24000000000001
IMG_9649.txt,PAUL,KHALESE,Bunny Bread,1,3.49,3.49,14,True,2025-06-22 17:27:00,0.0,25.62,107.24000000000001
IMG_9650.txt,PAUL,DEMOND,Smucker's Uncrstbl,1,4.79,3.99,5,True,2025-06-26 17:52:00,0.7999999999999998,25.6,49.5
IMG_9650.txt,PAUL,DEMOND,Minute Maid Lmnade,1,9.99,5.99,5,True,2025-06-26 17:52:00,4.0,25.6,49.5
IMG_9650.txt,PAUL,DEMOND,Diet Bargs Rt Beer,1,9.99,5.99,5,True,2025-06-26 17:52:00,4.0,25.6,49.5
IMG_9650.txt,PAUL,DEMOND,Kinder Joy Treat,1,2.79,2.79,5,True,2025-06-26 17:52:00,0.0,25.6,49.5
IMG_9650.txt,PAUL,DEMOND,Fanta Soda,1,9.99,5.99,5,True,2025-06-26 17:52:00,4.0,25.6,49.5
IMG_9651.txt,STEPHEN,ERIN,Pringles Chips,1,1.59,1.5,2,True,2025-06-29 13:12:00,0.09000000000000008,0.18000000000000016,8.18
IMG_9651.txt,STEPHEN,ERIN,Fanta Soda,1,2.59,2.59,2,True,2025-06-29 13:12:00,0.0,0.18000000000000016,8.18
IMG_9652.txt,PAUL,ACM LANE _092,QTY 3. Sno-Balls To Go,1,11.97,11.97,14,False,2025-06-30 14:11:00,0.0,65.8,152.12
IMG_9652.txt,PAUL,ACM LANE _092,Dewafelbakkr Pncks,1,4.29,4.29,14,False,2025-06-30 14:11:00,0.0,65.8,152.12
IMG_9652.txt,PAUL,ACM LANE _092,KELLOGG APL JCK GT,1,7.49,6.59,14,False,2025-06-30 14:11:00,0.9000000000000004,65.8,152.12
IMG_9652.txt,PAUL,ACM LANE _092,k&l Milk,1,5.29,5.29,14,False,2025-06-30 14:11:00,0.0,65.8,152.12
IMG_9652.txt,PAUL,ACM LANE _092,DR PEPPER 12PK,8,79.92,47.92,14,False,2025-06-30 14:11:00,32.0,65.8,152.12
